Workbook
Name _1001bqsllr6s: Feuil1!$A$29
Name _1fvuqjs6xfvv: Feuil1!$A$11
Name _1h997plu2r3q: Feuil1!#REF!
Name _1jsutjyckwia: Feuil1!$A$17
Name _1x11d5k5io24: Feuil1!#REF!
Name _25b71xk2i301: Feuil1!#REF!
Name _292kgykq0ye: Feuil1!$A$6
Name _2fo8i9cznxdf: Feuil1!$A$32
Name _2k99lr79hl9i: Feuil1!$A$5
Name _2utln1nfnqsx: Feuil1!$A$2
Name _3bxdsxq7p8gw: Feuil1!#REF!
Name _3f34v0rndqst: Feuil1!$A$31
Name _3ra657p5rfks: Feuil1!$A$4
Name _5ocrwot4q9or: Feuil1!#REF!
Name _62p8mewzupdh: Feuil1!$A$9
Name _63ehbuvcc3tw: Feuil1!#REF!
Name _6g3puvkrrskn: Feuil1!#REF!
Name _6onwknd2sl70: Feuil1!$A$7
Name _6sxpqe84lwy: Feuil1!#REF!
Name _6tacmrebr1p5: Feuil1!$A$3
Name _76u3b285zost: Feuil1!#REF!
Name _76x8livz92e3: Feuil1!#REF!
Name _7npq3rapq3b5: Feuil1!#REF!
Name _847vco2er5vx: Feuil1!#REF!
Name _8i1gdydhdqo8: Feuil1!#REF!
Name _8vd2wc5v9auo: Feuil1!#REF!
Name _92rzspumfy17: Feuil1!#REF!
Name _9cwk9m71vyqu: Feuil1!$A$34
Name _9hexdyk5v0wx: Feuil1!#REF!
Name _9jeesbxf4272: Feuil1!#REF!
Name _9o8iqnw0882k: Feuil1!#REF!
Name _9z5isgtp0zf3: Feuil1!$A$14
Name _a1blj5gc9j8j: Feuil1!#REF!
Name _a20iajxrewtn: Feuil1!#REF!
Name _a75ul79bzp21: Feuil1!#REF!
Name _atn6jtpgu1zu: Feuil1!$A$6
Name _b77wlvmmh9wq: Feuil1!#REF!
Name _be1fc6ea00hk: Feuil1!#REF!
Name _bp1acu9t2l5c: Feuil1!$A$16
Name _byzztlualq0q: Feuil1!#REF!
Name _ccy2pemctn8p: Feuil1!#REF!
Name _cgwcoegbkvui: Feuil1!$A$2
Name _chgzqrac0okr: Feuil1!#REF!
Name _dpycrk4r0ton: Feuil1!$A$30
Name _dsfs3jx2eyse: Feuil1!$A$15
Name _dwwrsfcgojso: Feuil1!#REF!
Name _e8p5frs5ytai: Feuil1!$A$3
Name _eltq1ml39i8g: Feuil1!#REF!
Name _f4und4vdlss2: Feuil1!#REF!
Name _g0y5qe76r34g: Feuil1!#REF!
Name _g70xgby2qf4: Feuil1!$A$4
Name _g8ek9utgccwp: Feuil1!#REF!
Name _g9qmie434sne: Feuil1!#REF!
Name _gawbf46ma6oj: Feuil1!#REF!
Name _gelkcw7y8ynz: Feuil1!#REF!
Name _gfdhz1jncvev: Feuil1!$A$20
Name _h0mvoz49fm6v: Feuil1!$A$12
Name _hdt4xnw2zsex: Feuil1!#REF!
Name _hm9eh7d297ex: Feuil1!#REF!
Name _hmf5bodeq1eo: Feuil1!#REF!

Sheet Definitions
A1: mot | B1: definition
A2: A.F.F.F. | B2: Agents Formant un Film Flottant
A3: A.E.S. | B3: Alimentation Électrique de Sécurité
A4: A.G.S. | B4: Alarme Générale Sélective
A5: A.P.S. | B5: Alimentation Pneumatique de Sécurité
A6: A.U. | B6: Arrêt d'Urgence
A7: B.A.A.S. | B7: Bloc Autonome d'Alarme Sonore
A8: B.A.A.S. Ma | B8: Bloc Autonome d'Alarme Sonore Manuel
A9: B.A.A.S. Pr | B9: Bloc Autonome d'Alarme Sonore Principal
A10: B.A.A.S. Sa | B10: Bloc Autonome d'Alarme Sonore Satellite
A11: B.A.E.S. | B11: Bloc Autonome d'Éclairage de Sécurité
A12: B.A.P.I. | B12: Bloc Autonome Portable d'Intervention
... A94: Z.S. | B94: Zone de Mise en Sécurité

Sheet Liste_Questions
A1: UV | B1: Numéro Question | C1: Intitulé de la Question | D1: Proposition A | E1: Proposition B | F1: Proposition C | G1: Proposition D | H1: Proposition E | I1: Proposition F | J1: Proposition G | K1: BonneRéponse | L1: Comentaire
A2: UV01 (1) | B2: 1 | C2: Quels combustibles forment des braises au cours de leur combustion ? | D2: Les liquides | E2: Les solides | F2: Les gaz | G2: Les fumées | H2: Aucune des réponses précédentes | K2: B
A3: UV01 (1) | B3: 2 | C3: Quels sont les éléments qui constituent le triangle du feu ? | D3: Le gaz carbonique | E3: Le comburant | F3: Le combustible | G3: L’énergie d’activation | H3: La poudre | I3: L’eau avec additif | J3: Aucune des réponses précédentes | K3: B,C,D
A4: UV01 (1) | B4: 3 | C4: Parmi ces propositions indiquez le (ou les) comburant(s) ? | D4: Un combustible liquide appelé aussi carburant | E4: Le gaz carbonique | F4: La chaleur | G4: L’oxygène de l’air | H4: La couche d’ozone | I4: Aucune des réponses précédentes | K4: D
A5: UV01 (1) | B5: 4 | C5: Parmi ces propositions, indiquez celle(s) considérée(s) comme étant un comburant ? | D5: Le propane | E5: Les flammes | F5: L’huile hydraulique | G5: L’oxygène | H5: L’essence | I5: Aucune des réponses précédentes | K5: D
A6: UV01 (1) | B6: 5 | C6: La combustion est une réaction : | D6: Exothermocimétrique | E6: Exothermique | F6: Oxydable | G6: Exothérique | H6: Extra-thermique | I6: Aucune des réponses précédentes | K6: B
A7: UV01 (1) | B7: 6 | C7: Quelles sont les différentes causes des incendies ? | D7: Naturelles | E7: Catastrophiques | F7: Humaines | G7: Techniques | H7: Réelles | I7: Aucune des réponses précédentes | K7: A,C,D
A8: UV01 (1) | B8: 7 | C8: Un incendie peut être d’origine : | D8: Alimentaire | E8: Humaine | F8: Naturelle | G8: Électrique | H8: Hydraulique | I8: Aucune des réponses précédentes | K8: B,C,D
A9: UV01 (1) | B9: 8 | C9: Afin de déterminer les agents extincteurs à utiliser, comment classe-t-on les familles de combustibles ? | D9: En fonction de leur dangerosité | E9: En fonction du type de combustion (lente, vive, spontanée) | F9: En fonction de leurs points éclair | G9: En fonction de leurs états (solide, liquide, gaz) | H9: Aucune des réponses précédentes | K9: D
A10: UV01 (1) | B10: 9 | C10: Quels sont, parmi les propositions suivantes, les éléments qui appartiennent à la classe de feu D ? | D10: Le bois | E10: L’aluminium | F10: Le butane | G10: Le sodium | H10: Aucune des réponses précédentes | K10: B,D
A11: UV01 (1) | B11: 10 | C11: Quels sont, parmi les propositions suivantes, les éléments qui appartiennent à la classe de feu B ? | D11: L’huile moteur | E11: L’alcool | F11: La paille | G11: Certains plastiques | H11: L’oxygène | I11: Aucune des réponses précédentes | K11: A,B,D
A12: UV01 (1) | B12: 11 | C12: Qu’est-ce que la convection dans un feu ? | D12: C’est la transmission de la chaleur par la masse même du matériau | E12: C’est la transmission de la chaleur par l’intermédiaire de l’air | F12: C’est la transmission de la chaleur par l’intermédiaire d’ondes électromagnétiques | G12: C’est la transmission de la chaleur par l’intermédiaire de particules incandescentes | H12: Aucune des réponses précédentes | K12: B
A13: UV01 (1) | B13: 12 | C13: Comment se propage la chaleur par rayonnement ? | D13: Par la masse du matériau | E13: Par projection de particules incandescentes | F13: Par déplacement de la fumée | G13: Par mouvement des gaz chauds | H13: Par l’intermédiaire d’ondes électromagnétiques | I13: Aucune des réponses précédentes | K13: E
A14: UV01 (1) | B14: 13 | C14: Qu’est-ce que la conduction dans un feu ? | D14: C’est la transmission de la chaleur par la masse même du matériau | E14: C’est la transmission de la chaleur par l’intermédiaire de l’air | F14: C’est la transmission de la chaleur par l’intermédiaire d’ondes électromagnétiques | G14: C’est la transmission de la chaleur par l’intermédiaire de particules incandescentes | H14: Aucune des réponses précédentes | K14: A
A15: UV01 (1) | B15: 14 | C15: Quels sont les modes de propagation d’un incendie ? | D15: Le rayonnement | E15: Les projections | F15: La conviction | G15: La conduction | H15: La fragmentation | I15: La convection | J15: Aucune des réponses précédentes | K15: A,B,D,F
A16: UV01 (2) | B16: 1 | C16: À quoi s’applique la résistance au feu ? | D16: Aux matériaux utilisés pour l’ameublement | E16: Aux éléments de construction | F16: Aux revêtements de sol | G16: Aux piliers | H16: À la quantité de chaleur dégagée | I16: Aucune des réponses précédentes | K16: B,D | L16: La résistance au feu concerne la capacité des éléments de construction à conserver leurs fonctions (portance, étanchéité, isolation) pendant un temps donné en cas d’incendie. Elle ne s’applique pas aux meubles ou objets.
A17: UV01 (2) | B17: 2 | C17: Comment sont exprimées les durées de résistance au feu, dans les euroclasses ? | D17: En secondes | E17: En minutes | F17: En heures | G17: En heures et minutes | H17: Aucune des réponses précédentes | K17: B | L17: Les euroclasses utilisent les critères R, E, I suivis d’un nombre en minutes (ex. REI 120 = coupe-feu pendant 120 minutes).
A18: UV01 (2) | B18: 3 | C18: SF-PF-CF correspondent : | D18: À la résistance au feu des éléments de construction | E18: À la réaction au feu des matériaux de construction | F18: Aux niveaux d’accès du S.S.I | G18: Aux classements d’E.R.P | H18: Aucune des réponses précédentes | K18: A | L18: SF = Stable au feu (résistance mécanique) PF = Pare-flammes (étanchéité aux flammes) CF = Coupe-feu (étanchéité + isolation thermique)
A19: UV01 (2) | B19: 4 | C19: La réaction au feu d’un matériau peut être notée : | D19: SF | E19: A1 | F19: CF | G19: M0 | H19: M2 | I19: Aucune des réponses précédentes | K19: B,D,E | L19: A1 = Euroclasse (incombustible) M0, M1, M2, M3, M4 = Classement français (réaction au feu) SF et CF concernent la résistance au feu, pas la réaction.
A20: UV01 (2) | B20: 5 | C20: Le classement M1 correspond à : | D20: La résistance au feu d’une porte | E20: Le potentiel d’extinction d’un extincteur | F20: La réaction au feu d’un matériau | G20: La manœuvre mensuelle obligatoire | H20: Aucune des réponses précédentes | K20: C | L20: M1 = matériau combustible mais non inflammable (ex. PVC rigide, composites).
A21: UV01 (2) | B21: 6 | C21: Un classement de réaction au feu est demandé pour : | D21: Un revêtement mural | E21: Un rétroprojecteur | F21: Un revêtement de sol | G21: Un gros mobilier | H21: Aucune des réponses précédentes | K21: A,C,D | L21: Les revêtements (murs, sols, plafonds) doivent respecter des exigences de réaction au feu (M1, M2, M3 selon zones). Le gros mobilier est défini comme étant le mobilier constituant l'agencement principal. Il comprend ainsi les comptoirs d'accueil, bars, rayonnages, cloisonnements… Pour les ERP des catégories 1 à 4, le gros mobilier doit être en matériau de catégorie M3 (moyennement inflammable)
A22: UV01 (2) | B22: 7 | C22: En ERP, donnez les principales règles pour le revêtement des escaliers encloisonnés ? | D22: M1 pour les murs | E22: M2 pour le sol | F22: M3 pour le plafond | G22: M4 pour le sol | H22: M1 pour le plafond | I22: M3 pour le sol | J22: Aucune des réponses précédentes | K22: A,E,F | L22: C’est la règle du 311 : murs et plafonds M1, sols M3.
A23: UV01 (2) | B23: 8 | C23: La résistance au feu s’applique : | D23: Aux meubles | E23: Aux sapins de Noël | F23: Aux objets | G23: Aux éléments de construction | H23: Aucune des réponses précédentes | K23: D | L23: Elle concerne les structures (poteaux, murs, planchers, portes), pas les meubles ou objets.
A24: UV01 (2) | B24: 9 | C24: Un élément de construction qui résiste au feu peut être classé : | D24: Coupe-feu | E24: REI | F24: Pare-feu | G24: A.E.S. | H24: Stable au feu | I24: Aucune des réponses précédentes | K24: A,B,C,E | L24: SF, PF, CF = ancien système français REI = système européen (R = portance, E = étanchéité, I = isolation)
A25: UV02 | B25: 1 | C25: Quel établissement suivant est classé en type OA ? | D25: Un hôtel habité | E25: Un hôtel d’altitude | F25: Une habitation occupée | G25: Un organisme agréé | H25: Aucune des réponses précédentes | K25: B
A26: UV02 | B26: 2 | C26: Qu’est-ce qu’un établissement de type PA ? | D26: Un parc automobile | E26: Un stand de tir | F26: Un centre de formation professionnel pour adultes | G26: Aucune des réponses précédentes | K26: D
A27: UV02 | B27: 3 | C27: Parmi les établissements suivants, lesquels sont des ERP ? | D27: Un train de voyageur | E27: Un parc d’exposition | F27: Une salle de concert | G27: Un dépôt de gaz | H27: Une menuiserie | I27: Aucune des réponses précédentes | K27: B,C
A28: UV02 | B28: 4 | C28: Quel règlement de sécurité incendie est applicable aux E.R.P. du 1er groupe ? | D28: L’arrêté du 08 mai 1968 modifié | E28: L’arrêté du 18 octobre 1977 modifié | F28: L’arrêté du 25 juin 1980 modifié | G28: L’arrêté du 02 mai 2005 modifié | H28: L’arrêté du 23 août 2008 modifié | I28: Aucune des réponses précédentes | K28: C
A29: UV02 | B29: 5 | C29: Une maison d’accueil pour handicapés pouvant recevoir 308 personnes est classée : | D29: Type J | E29: Type U | F29: Type R | G29: 2ème catégorie | H29: 3ème catégorie | I29: 4ème catégorie | J29: Aucune des réponses précédentes | K29: A,E
A30: UV02 | B30: 6 | C30: Les ERP sont classés par catégorie en fonction : | D30: Du nombre maximum de personnes admises | E30: Du nombre d’étages | F30: Du nombre de locaux | G30: Du nombre de sorties | H30: Aucune des réponses précédentes | K30: A
A31: UV03 | B31: 1 | C31: Les IGH à usage exclusif de bureaux sont classés de la façon suivante : | D31: GHZ | E31: GHR | F31: GHW1 | G31: GHW2 | H31: Aucune des réponses précédentes | K31: C,D
A32: UV03 | B32: 2 | C32: Le classement d’un bâtiment en immeuble de grande hauteur est déterminé d’après : | D32: La catégorie de l’établissement | E32: La surface accessible au public | F32: La hauteur du plancher bas du dernier niveau | G32: La commission de sécurité compétente | H32: Aucune des réponses précédentes | K32: C
A33: UV03 | B33: 3 | C33: Qu’est-ce qu’un GH S ? | D33: Un IGH à usage mixte | E33: Un IGH d’enseignement | F33: Un IGH d’habitation | G33: Un IGH d’archives | H33: Aucune des réponses précédentes | K33: D
A34: UV03 | B34: 4 | C34: Est considéré comme IGH, tout bâtiment dont le plancher bas du dernier niveau est situé à plus de : | D34: 50 mètres pour les immeubles à usage d’habitation | E34: 28 mètres pour les immeubles ne relevant pas de l’habitation | F34: 28 mètres pour les immeubles à usage d’habitation | G34: Aucune des réponses précédentes | K34: A,B
A35: UV03 | B35: 5 | C35: Un immeuble à usage de bureau dont le plancher bas du dernier niveau est situé à 18 mètres de hauteur sera classé en : | D35: GH U | E35: GH W1 | F35: GH W2 | G35: GH Z | H35: Aucune des réponses précédentes | K35: E
A36: UV03 | B36: 6 | C36: Qu’est-ce qu’un GH U ? | D36: Un IGH à usage d’habitation | E36: Un IGH à usage de bureaux | F36: Un IGH à usage mixte | G36: Un IGH à usage d’archives | H36: Aucune des réponses précédentes | K36: E
A37: UV03 | B37: 7 | C37: Qu’est-ce qu’un GH A ? | D37: Un IGH d’habitation | E37: Un IGH de bureaux | F37: Un IGH hôtelier | G37: Un IGH hospitalier | H37: Aucune des réponses précédentes | K37: A
A38: UV04 (1) | B38: 1 | C38: Quels sont les principes généraux de sécurité en ERP ? | D38: Assurer uniquement la sauvegarde des biens | E38: Permettre une évacuation rapide et sûre des occupants | F38: Gérer le sinistre à la place des secours extérieurs | G38: Limiter la propagation du feu | H38: Faciliter l’intervention des secours | I38: Aucune des réponses précédentes | K38: B,D,E
A39: UV04 (1) | B39: 2 | C39: En règle générale, un ERP est considéré comme isolé s’il est situé à une distance minimum de : | D39: 1 mètre du tiers | E39: 2 mètres du tiers | F39: 3 mètres du tiers | G39: 8 mètres du tiers | H39: Aucune des réponses précédentes | K39: D
A40: UV04 (1) | B40: 3 | C40: Quelle est l’utilité des baies accessibles ? | D40: Elles permettent l’intervention des équipes de sécurité | E40: Elles permettent l’intervention des services de secours | F40: Elles permettent l’évacuation normale du public | G40: Elles facilitent le nettoyage | H40: Elles permettent la ventilation | I40: Aucune des réponses précédentes | K40: B
A41: UV04 (1) | B41: 4 | C41: Un espace libre est un espace permettant : | D41: Aux véhicules du public de stationner librement | E41: Au public d’accéder librement à l’ERP | F41: Aux pompiers d’accéder à l’établissement | G41: Aux véhicules de livraisons de stationner librement | H41: Aucune des réponses précédentes | K41: C
A42: UV04 (1) | B42: 5 | C42: Quelles sont les différentes conceptions de distribution intérieure des locaux dans les E.R.P ? | D42: Cloisonnement traditionnel | E42: Cloisonnement moderne | F42: Compartiment | G42: Secteurs | H42: Aucune des réponses précédentes | K42: A,C,D
A43: UV04 (1) | B43: 6 | C43: En E.R.P, les locaux sont répartis en locaux à risques : | D43: Normaux | E43: Courants | F43: Moyens | G43: Importants | H43: Dangereux | I43: Aucune des réponses précédentes | K43: B,C,D
A44: UV04 (1) | B44: 7 | C44: En E.R.P. un local poubelle est un local classé : | D44: À risques courants | E44: À risques faibles | F44: À risques particuliers | G44: À risques ciblés | H44: Aucune des réponses précédentes | K44: C
A45: UV04 (1) | B45: 8 | C45: Sur une porte coupe-feu que puis-je trouver comme indication : | D45: Porte coupe-feu à ouverture automatique | E45: Porte coupe-feu à maintenir ouverte | F45: Porte coupe-feu à maintenir fermée | G45: Porte coupe-feu - Ne mettez pas d’obstacle à la fermeture | H45: Aucune des réponses précédentes | K45: C,D
A46: UV04 (1) | B46: 9 | C46: On trouve des dégagements : | D46: Élémentaires | E46: Accessoires | F46: Supplémentaires | G46: Complémentaires | H46: Normaux | I46: Sédentaires | J46: Aucune des réponses précédentes | K46: B,C,E
A47: UV04 (1) | B47: 10 | C47: Un escalier encloisonné est un escalier : | D47: Protégé | E47: À l’air libre | F47: Mis à l’abri des fumées | G47: Désenfumé | H47: Monumental | I47: Aucune des réponses précédentes | K47: A,C,D
A48: UV04 (1) | B48: 11 | C48: Quelle est la largeur d’une circulation de deux Unités de Passage (UP) ? | D48: 0,6 m | E48: 0,9 m | F48: 1,20 m | G48: 1,40 m | H48: 1,80 m | I48: Aucune des réponses précédentes | K48: D
A49: UV04 (1) | B49: 12 | C49: Quelle est la largeur type de l’Unité de Passage (UP) ? | D49: 0,6 m | E49: 0,9 m | F49: 1,20 m | G49: 1,40 m | H49: 1,80 m | I49: Aucune des réponses précédentes | K49: A
A50: UV04 (1) | B50: 13 | C50: Quelle est la largeur d’une circulation d’une Unité de Passage (UP) ? | D50: 0,6 m | E50: 0,9 m | F50: 1,20 m | G50: 1,40 m | H50: 1,80 m | I50: Aucune des réponses précédentes | K50: B
A51: UV04 (1) | B51: 14 | C51: Un dégagement peut être : | D51: Une porte | E51: Un escalier | F51: Une sortie | G51: Une circulation horizontale | H51: Aucune des réponses précédentes | K51: A,B,C,D
A52: UV04 (2) | B52: 1 | C52: Le désenfumage a pour but de : | D52: Faciliter l’évacuation du public | E52: Faciliter l’interdiction de fumer | F52: Faciliter l’intervention des secours | G52: Refroidir les locaux | H52: Aucune des réponses précédentes | K52: A,C
A53: UV04 (2) | B53: 2 | C53: Un clapet coupe-feu est : | D53: Un volume fermé servant au passage d’un fluide déterminé | E53: Un volume fermé généralement accessible et renfermant un ou plusieurs conduits | F53: Un dispositif actionné de sécurité destiné au compartimentage | G53: Un dispositif d’évacuation des fumées situé en toiture | H53: Aucune des réponses précédentes | K53: C
A54: UV04 (2) | B54: 3 | C54: Un conduit est : | D54: Un volume fermé servant au passage d’un fluide déterminé | E54: Un volume fermé généralement accessible et renfermant un ou plusieurs conduits | F54: Un dispositif d’évacuation des fumées situé en façade | G54: Un dispositif d’accès mobile fermé en position normale | H54: Aucune des réponses précédentes | K54: A
A55: UV04 (2) | B55: 4 | C55: Une gaine est : | D55: Un volume fermé servant au passage d’un fluide déterminé | E55: Un volume fermé généralement accessible et renfermant un ou plusieurs conduits | F55: Un dispositif d’évacuation des fumées situé en façade | G55: Un dispositif d’accès mobile fermé en position normale | H55: Aucune des réponses précédentes | K55: B
A56: UV04 (2) | B56: 5 | C56: En E.R.P., qui peut actionner l’ouverture de l’exutoire de désenfumage d’un escalier protégé ? | D56: Le chef d’établissement | E56: Le SSIAP 1 | F56: Le SSIAP 2 | G56: Les services de secours | H56: Un témoin | I56: Aucune des réponses précédentes | K56: A,B,C,D,E
A57: UV04 (2) | B57: 6 | C57: Les méthodes de désenfumage d’un ERP peuvent-être : | D57: Naturel/naturel | E57: Mécanique/dynamique | F57: Naturel/mécanique | G57: Naturel/statique | H57: Mécanique/mécanique | I57: Aucune des réponses précédentes | K57: A,C,E
A58: UV04 (2) | B58: 7 | C58: En ERP, où peut-on trouver le dispositif de commande manuelle du désenfumage naturel d’un escalier encloisonné ? | D58: Au P.C. Sécurité | E58: En bas de l’escalier | F58: Dans les circulations horizontales communes | G58: À tous les niveaux | H58: Aucune des réponses précédentes | K58: B
A59: UV04 (2) | B59: 8 | C59: L’éclairage de sécurité comprend l’éclairage : | D59: D’évacuation | E59: Normal | F59: De remplacement | G59: Anti-panique | H59: D’incendie | I59: Public | J59: Aucune des réponses précédentes | K59: A,D
A60: UV04 (2) | B60: 9 | C60: Dans un ERP, quelle doit être la durée minimum de fonctionnement d’un B.A.E.S. ? | D60: 30 minutes | E60: 1 heure | F60: 2 heures | G60: En fonction de la catégorie de l’E.R.P. | H60: En fonction du type d’E.R.P. | I60: Aucune des réponses précédentes | K60: B
A61: UV04 (2) | B61: 10 | C61: Que signifie le terme "B.A.E.S." ? | D61: Un bloc autonome d’éclairage de sécurité | E61: Un bloc d’alarme et de secours | F61: Un boîtier autonome d’éclairage de secours | G61: Une borne d’appel entre les services | H61: Un boîtier d’alimentation électrique de sécurité | I61: Aucune des réponses précédentes | K61: A
A62: UV04 (2) | B62: 11 | C62: Que comprend l’éclairage de sécurité ? | D62: L’éclairage de remplacement et l’éclairage normal | E62: L’éclairage de sécurité et l’éclairage d’ambiance | F62: L’éclairage d’évacuation et l’éclairage de remplacement | G62: L’éclairage d’ambiance et d’anti-panique | H62: L’éclairage d’évacuation et l’éclairage d’ambiance ou d’anti-panique | I62: Aucune des réponses précédentes | K62: E
A63: UV04 (2) | B63: 12 | C63: Pour un B.A.E.S équipé du système SATI, un voyant jaune signifie : | D63: Bloc en bon état | E63: Défaut | F63: En cours de charge | G63: Défaut de position d’attente | H63: Aucune des réponses précédentes | K63: B
A64: UV05 | B64: 1 | C64: En règle générale, dans un IGH, un compartiment doit comporter au moins : | D64: 1 escalier protégé | E64: 2 escaliers protégés | F64: 3 escaliers protégés | G64: Le nombre d’escalier dépend de la commission de sécurité compétente | H64: Autant d’escaliers que d’ascenseurs | I64: Aucune des réponses précédentes | K64: B
A65: UV05 | B65: 2 | C65: Quelle doit être, en I.G.H, l’autonomie d’un groupe moteur thermique générateur ? | D65: 6 heures | E65: 12 heures | F65: 24 heures | G65: 36 heures | H65: Pendant toute la durée de la coupure | I65: Aucune des réponses précédentes | K65: D
A66: UV05 | B66: 3 | C66: En IGH, chaque compartiment doit avoir un degré d’isolement : | D66: Pare-flammes 2h00 ou RE 120 | E66: Coupe-feu 1h00 ou REI 60 | F66: Pare-flammes 1h00 ou RE 60 | G66: Coupe-feu 2h00 ou REI 120 | H66: Aucune des réponses précédentes | K66: D
A67: UV05 | B67: 4 | C67: Un compartiment en IGH doit respecter les caractéristiques suivantes : | D67: Longueur 75 m maxi | E67: Longueur 60 m maxi | F67: Surface 2500 m² maxi | G67: Surface 2000 m² maxi | H67: Aucune des réponses précédentes | K67: A,C
A68: UV05 | B68: 5 | C68: En IGH, des fumées envahissent tout un compartiment. Dans un premier temps, vous devez faire évacuer : | D68: L’ensemble de l’IGH | E68: Uniquement le compartiment sinistré | F68: Le compartiment sinistré et l’étage supérieur | G68: Le compartiment sinistré, le niveau supérieur et les 2 niveaux inférieurs | H68: Aucune des réponses précédentes | K68: B
A69: UV05 | B69: 6 | C69: Un feu se déclare dans une circulation horizontale commune d’un IGH, quelles sont les mises en sécurité automatiques qui se déclenchent ? | D69: Le démarrage du groupe électrogène | E69: Le désenfumage | F69: Le rappel des ascenseurs prioritaires | G69: Le compartimentage | H69: Le non arrêt des ascenseurs | I69: Aucune des réponses précédentes | K69: B,D,E | L69: Lorsqu’un feu se déclare dans une circulation horizontale commune d’un IGH, plusieurs mises en sécurité automatiques sont déclenchées par le SSI de catégorie A, option IGH, conformément à la réglementation (arrêté du 30 décembre 2011 et instructions techniques) : détection → désenfumage → fermeture des portes coupe-feu → déverrouillage des accès → alarme → possibilité de commande manuelle
A70: UV05 | B70: 7 | C70: Quelle est la distance du volume de protection autour d’un IGH ? | D70: 5 mètres | E70: 8 mètres | F70: 10 mètres | G70: Cela dépend de la hauteur de l’immeuble | H70: Aucune des réponses précédentes | K70: B
A71: UV05 | B71: 8 | C71: En IGH quelle doit-être la pression minimale d’un robinet d’incendie armé (RIA) ? | D71: 2,5 bars au RIA le plus défavorisé | E71: 2,5 bars au RIA le plus favorisé | F71: 4 bars au RIA le plus favorisé | G71: 4 bars au RIA le plus défavorisé | H71: Aucune des réponses précédentes | K71: D
A72: UV05 | B72: 9 | C72: Combien d’appareils émetteurs-récepteurs radio, le service de sécurité incendie d’un IGH doit-il pouvoir mettre à disposition des pompiers ? | D72: Deux | E72: Quatre | F72: Six | G72: Aucun | H72: Aucune des réponses précédentes | K72: B
A73: UV05 | B73: 10 | C73: Quelle inscription peut-on lire sur les portes des dispositifs d’intercommunication desservant les escaliers des IGH ? | D73: Porte coupe-feu à fermeture automatique | E73: Porte coupe-feu à maintenir ouverte | F73: Porte coupe-feu à maintenir fermée | G73: Porte coupe-feu | H73: Aucune des réponses précédentes | K73: C
A74: UV05 | B74: 11 | C74: Quel est le moyen d’alerte externe en G.H.U. ? | D74: Un téléphone portable | E74: Un téléphone urbain | F74: Une ligne directe | G74: Un poste portatif | H74: Aucune des réponses précédentes | K74: C
A75: UV05 | B75: 12 | C75: En I.G.H, où trouve-t-on le dispositif de commande de désenfumage de secours des escaliers ? | D75: Près des moteurs de désenfumage | E75: Dans les circulations horizontales communes | F75: Au P.C.S. | G75: Il n’y en a pas | H75: Aucune des réponses précédentes | K75: C
A76: UV05 | B76: 13 | C76: En IGH, la sensibilisation d’un D.A.I. dans une circulation horizontale commune entraîne : | D76: L’évacuation du compartiment sinistré et des compartiments adjacents | E76: L’évacuation générale du bâtiment | F76: L’évacuation du compartiment sinistré | G76: Uniquement l’alarme restreinte au P.C.S. | H76: Aucune des réponses précédentes | K76: C | L76: La sensibilisation d’un D.A.I. dans une circulation horizontale commune déclenche le scénario de mise en sécurité du compartiment concerné, qui comprend : Déclenchement de l’alarme incendie dans la zone concernée (diffusion limitée au compartiment), Activation du désenfumage, Fermeture des portes coupe-feu, Déverrouillage des dispositifs de contrôle d’accès, Transmission de l’information au CMSI
A77: UV05 | B77: 14 | C77: Dans les IGH comment est assurée la communication entre un compartiment et un escalier ? | D77: Par un dispositif d’ouverture asservi à la D.A.I. | E77: Par un dispositif d’ouverture automatique | F77: Par un dispositif d’intercommunication | G77: Par un dispositif de contrôle d’accès | H77: Aucune des réponses précédentes | K77: C
A78: UV05 | B78: 15 | C78: Dans le dispositif d’intercommunication avec l’escalier et le compartiment IGH, le plan du niveau doit comporter l’emplacement : | D78: Des ouvrants de désenfumage et de leurs commandes | E78: Des moyens de secours | F78: Des vannes d’arrêt et du téléphone d’alerte | G78: Des distributeurs de boissons | H78: Du bureau d’accueil et du téléphone urbain | I78: Aucune des réponses précédentes | K78: A,B,C | L78: Dans un dispositif d’intercommunication (zone tampon entre l’escalier et le compartiment d’un IGH), le plan du niveau affiché dans cette zone doit indiquer clairement : L’emplacement du dispositif d’intercommunication lui-même (où se trouve la zone tampon). L’emplacement des escaliers protégés (issues verticales). L’emplacement des sorties vers les compartiments. Les itinéraires d’évacuation (cheminement vers les escaliers). Les dispositifs de sécurité (ex. : commandes manuelles, extincteurs, déclencheurs manuels d’alarme).
A79: UV05 | B79: 16 | C79: Dans un I.G.H, l’alerte extérieure consiste à : | D79: Demander l’intervention du service de sécurité | E79: Demander l’intervention des services publics de secours | F79: Attirer l’attention de sa hiérarchie | G79: Prévenir les occupants d’un compartiment d’évacuer | H79: Aucune des réponses précédentes | K79: B
A80: UV06 | B80: 1 | C80: Quel gaz est contenu dans la cartouche d’un extincteur à pression auxiliaire ? | D80: De l’oxygène | E80: Du protoxyde d’azote | F80: Du dioxyde de carbone | G80: Du monoxyde de carbone | H80: Du butane | I80: De l’air comprimé | J80: Aucune des réponses précédentes | K80: C
A81: UV06 | B81: 2 | C81: Dans le dispositif d’intercommunication avec l’escalier et le compartiment IGH, le plan du niveau doit comporter l’emplacement : | D81: Des ouvrants de désenfumage et de leurs commandes | E81: Des moyens de secours | F81: Des vannes d’arrêt et du téléphone d’alerte | G81: Des distributeurs de boissons | H81: Du bureau d’accueil et du téléphone urbain | I81: Aucune des réponses précédentes | K81: A,B,C | L81: Dans un dispositif d’intercommunication (zone tampon entre l’escalier et le compartiment d’un IGH), le plan du niveau affiché dans cette zone doit indiquer clairement : L’emplacement du dispositif d’intercommunication lui-même (où se trouve la zone tampon). L’emplacement des escaliers protégés (issues verticales). L’emplacement des sorties vers les compartiments. Les itinéraires d’évacuation (cheminement vers les escaliers). Les dispositifs de sécurité (ex. : commandes manuelles, extincteurs, déclencheurs manuels d’alarme).
A82: UV06 | B82: 3 | C82: En IGH, où sont placés les dispositifs phoniques permettant de donner l’alerte intérieure au PCS ? | D82: Dans les circulations privatives | E82: Dans les locaux à risques | F82: Dans les locaux privatifs | G82: Dans les combles | H82: Aucune des réponses précédentes | K82: E
A83: UV06 | B83: 4 | C83: En E.R.P quelle doit-être la pression minimale d’un robinet d’incendie armé (RIA) ? | D83: 1 bar | E83: 2,5 bars au RIA le plus défavorisé | F83: 2,5 bars au RIA le plus favorisé | G83: 3 bars | H83: Aucune des réponses précédentes | K83: B
A84: UV06 | B84: 5 | C84: En règle générale, en IGH, quelle doit être la capacité minimale pour assurer l’alimentation des colonnes en charge ? | D84: 60 m³ | E84: 90 m³ | F84: 100 m³ | G84: 120 m³ | H84: 200 m³ | I84: Aucune des réponses précédentes | K84: D
A85: UV06 | B85: 6 | C85: Font partie des moyens d’extinction : | D85: Les extincteurs | E85: Le S.S.I | F85: Les poteaux d’incendie | G85: Le désenfumage | H85: L’éclairage de sécurité | I85: Aucune des réponses précédentes | K85: A,C
A86: UV06 | B86: 7 | C86: Quelle est la fréquence réglementaire de vérification des extincteurs ? | D86: Trimestrielle | E86: Semestrielle | F86: Annuelle | G86: Biennale | H86: Quinquennale | I86: Aucune des réponses précédentes | K86: C
A87: UV06 | B87: 8 | C87: Qui peut utiliser une colonne sèche en ERP et en IGH ? | D87: Le chef d’établissement | E87: Les agents SSIAP | F87: Le personnel | G87: Le public | H87: Les pompiers | I87: Aucune des réponses précédentes | K87: E
A88: UV06 | B88: 9 | C88: À quelle distance doit se trouver le raccord d’alimentation d’une colonne sèche ? | D88: 20 m d’un véhicule d’incendie et de secours | E88: 60 m maxi de l’entrée de l’établissement | F88: 60 m maxi d’un poteau d’incendie | G88: 100 m maxi d’un poteau d’incendie | H88: Aucune des réponses précédentes | K88: C
A89: UV06 | B89: 10 | C89: Quels sont les éléments qui composent obligatoirement un R.I.A ? | D89: Un robinet d’arrêt | E89: Une hache | F89: Un tuyau semi-rigide | G89: Un tuyau souple | H89: Aucune des réponses précédentes | K89: A,C
A90: UV06 | B90: 11 | C90: Combien de colonnes sèches doit-il y avoir en IGH ? | D90: Une par escalier | E90: Une par compartiment | F90: Par façade accessible | G90: Un nombre défini par la commission de sécurité compétente | H90: Aucune des réponses précédentes | K90: A
A91: UV06 | B91: 12 | C91: À partir de quelle hauteur un I.G.H doit-il être équipé de colonnes humides ? | D91: Plus de 18 mètres | E91: Plus de 28 mètres | F91: Plus de 50 mètres | G91: Tout le temps | H91: Suivant décision de la C.C.D.S.A | I91: Aucune des réponses précédentes | K91: C
A92: UV06 | B92: 13 | C92: Que signifie le terme R.I.A ? | D92: Réserve d’Incendie Auxiliaire | E92: Robinet d’Intervention Armé | F92: Robinet d’Incendie Armé | G92: Robinet d’Incendie Auxiliaire | H92: Aucune des réponses précédentes | K92: C
A93: UV07 | B93: 1 | C93: Quels sont les dispositifs pouvant constituer une A.E.S ? | D93: Un groupe électrogène | E93: Des batteries d’accumulateurs | F93: Le réseau électrique de distribution publique | G93: Un onduleur | H93: Aucune des réponses précédentes | K93: A,B
A94: UV07 | B94: 2 | C94: Qu’est-ce qu’un BAPI ? | D94: Une borne aménagée pour l’incendie | E94: Un balisage autonome particulier et indépendant | F94: Bloc autonome portable d’intervention | G94: Bloc autonome portable d’investigation | H94: Aucune des réponses précédentes | K94: C
A95: UV07 | B95: 3 | C95: L’autonomie d’une source de sécurité en ERP doit : | D95: Être suffisante pour alimenter la totalité des installations électriques | E95: Être suffisante pour alimenter la totalité des installations de sécurité pendant 1h00 minimum | F95: Être suffisante pour alimenter la totalité des installations de remplacement pendant 06h00 | G95: Être définie dans tous les cas par la commission de sécurité compétente | H95: Aucune des réponses précédentes | K95: B
A96: UV07 | B96: 4 | C96: L’accès au TGBT est : | D96: Réservé au public | E96: Réservé au public si celui-ci est habilité H0B0 | F96: Interdit aux agents SSIAP | G96: Réservé aux personnes qualifiées | H96: Aucune des réponses précédentes | K96: D
A97: UV07 | B97: 5 | C97: En ERP les batteries d’accumulateurs doivent être capables de secourir : | D97: Le désenfumage | E97: Les ascenseurs | F97: Les systèmes d’alarme et d’alerte | G97: Les escaliers mécaniques | H97: Aucune des réponses précédentes | K97: C
A98: UV07 | B98: 6 | C98: Quels équipements de sécurité peut-on trouver dans une cabine d’ascenseur ? | D98: Un R.I.A | E98: Une sonnerie d’appel | F98: Une trousse de 1er secours | G98: Un éclairage de sécurité | H98: Un cendrier | I98: Aucune des réponses précédentes | K98: B,D
A99: UV07 | B99: 7 | C99: Afin d’empêcher les accidents de personnes, quels sont les dispositifs de protection équipant les ascenseurs ? | D99: Réducteur de vitesse | E99: Système "parachute" | F99: Système E.S.P. | G99: Système A.B.S. | H99: Porte palière avec sécurité anti-pincement | I99: Aucune des réponses précédentes | K99: B,E
A100: UV07 | B100: 8 | C100: Quelle est la caractéristique minimale de la source A d’une installation fixe d’extinction automatique à eau ? | D100: Réserve d’eau d’une demi-heure | E100: Réserve d’eau d’une heure | F100: Réserve d’eau d’une heure et demie | G100: Source d’eau potable | H100: Aucune des réponses précédentes | K100: A
...

Sheet Liste_UV
A1: UV | B1: Titre | C1: Description | D1: Nb_Questions
A2: UV01 (1) | B2: Le Feu | C2: =B2 & " (" & D2 & " questions)" -> Le Feu (14 questions) | D2: =COUNTIF(Liste_Questions!$A:$A,$A2) -> 14 | E2: =COUNTIF(Liste_Questions!$C:$C,"["&LEFT($A2,4)&"]*") -> 0
A3: UV01 (2) | B3: Le Feu | C3: =B3 & " (" & D3 & " questions)" -> Le Feu (9 questions) | D3: =COUNTIF(Liste_Questions!$A:$A,$A3) -> 9 | E3: =COUNTIF(Liste_Questions!$C:$C,"["&LEFT($A3,4)&"]*") -> 0
A4: UV02 | B4: Classement des ERP | C4: =B4 & " (" & D4 & " questions)" -> Classement des ERP (6 questions) | D4: =COUNTIF(Liste_Questions!$A:$A,$A4) -> 6 | E4: =COUNTIF(Liste_Questions!$C:$C,"["&LEFT($A4,4)&"]*") -> 0
A5: UV03 | B5: Classement des IGH | C5: =B5 & " (" & D5 & " questions)" -> Classement des IGH (7 questions) | D5: =COUNTIF(Liste_Questions!$A:$A,$A5) -> 7 | E5: =COUNTIF(Liste_Questions!$C:$C,"["&LEFT($A5,4)&"]*") -> 0
A6: UV04 (1) | B6: Sécurité incendie en ERP | C6: =B6 & " (" & D6 & " questions)" -> Sécurité incendie en ERP (14 questions) | D6: =COUNTIF(Liste_Questions!$A:$A,$A6) -> 14 | E6: =COUNTIF(Liste_Questions!$C:$C,"["&LEFT($A6,4)&"]*") -> 0
A7: UV04 (2) | B7: Sécurité incendie en ERP | C7: =B7 & " (" & D7 & " questions)" -> Sécurité incendie en ERP (12 questions) | D7: =COUNTIF(Liste_Questions!$A:$A,$A7) -> 12 | E7: =COUNTIF(Liste_Questions!$C:$C,"["&LEFT($A7,4)&"]*") -> 0
A8: UV05 | B8: Sécurité incendie en IGH | C8: =B8 & " (" & D8 & " questions)" -> Sécurité incendie en IGH (16 questions) | D8: =COUNTIF(Liste_Questions!$A:$A,$A8) -> 16 | E8: =COUNTIF(Liste_Questions!$C:$C,"["&LEFT($A8,4)&"]*") -> 0
A9: UV06 | B9: Les moyens de secours | C9: =B9 & " (" & D9 & " questions)" -> Les moyens de secours (13 questions) | D9: =COUNTIF(Liste_Questions!$A:$A,$A9) -> 13 | E9: =COUNTIF(Liste_Questions!$C:$C,"["&LEFT($A9,4)&"]*") -> 0
A10: UV07 | B10: Les installations électriques | C10: =B10 & " (" & D10 & " questions)" -> Les installations électriques (16 questions) | D10: =COUNTIF(Liste_Questions!$A:$A,$A10) -> 16 | E10: =COUNTIF(Liste_Questions!$C:$C,"["&LEFT($A10,4)&"]*") -> 0
A11: UV08 | B11: Le S.S.I. | C11: =B11 & " (" & D11 & " questions)" -> Le S.S.I. (20 questions) | D11: =COUNTIF(Liste_Questions!$A:$A,$A11) -> 20 | E11: =COUNTIF(Liste_Questions!$C:$C,"["&LEFT($A11,4)&"]*") -> 0
A12: UV09 (1) | B12: Rôles et missions des agents | C12: =B12 & " (" & D12 & " questions)" -> Rôles et missions des agents (0 questions) | D12: =COUNTIF(Liste_Questions!$A:$A,$A12) -> 0 | E12: =COUNTIF(Liste_Questions!$C:$C,"["&LEFT($A12,4)&"]*") -> 0
A13: UV09 (2) | C13: =B13 & " (" & D13 & " questions)" -> (0 questions) | D13: =COUNTIF(Liste_Questions!$A:$A,$A13) -> 0 | E13: =COUNTIF(Liste_Questions!$C:$C,"["&LEFT($A13,4)&"]*") -> 0
A14: VRAC (1) | C14: UV en vrac (20 questions) | D14: =COUNTIF(Liste_Questions!$A:$A,$A14) -> 0
A15: VRAC (2) | C15: UV en vrac (20 questions) | D15: =COUNTIF(Liste_Questions!$A:$A,$A15) -> 0

Sheet Feuil1
A1: [1] Le feu (4) | B1: =FIND(". ",A1) -> #VALUE! | C1: =RIGHT(A1, LEN(A1)-(B1+1)) -> #VALUE! | D1: {=_xlfn.TEXTSPLIT(C1,"|")} -> #VALUE!
A2: [1.1] Le feu partie 1 | B2: =FIND(". ",A2) -> #VALUE! | C2: =RIGHT(A2, LEN(A2)-(B2+1)) -> #VALUE! | D2: {=_xlfn.TEXTSPLIT(C2,"|")} -> #VALUE!
A3: 1. Quels combustibles forment des braises au cours de leur combustion ?|Les liquides|Les solides|Les gaz|Les fumées|Aucune des réponses précédentes | B3: =FIND(". ",A3) -> 2 | C3: =RIGHT(A3, LEN(A3)-(B3+1)) -> Quels combustibles forment des braises au cours de leur combustion ?|Les liquides|Les solides|Les gaz|Les fumées|Aucune des réponses précédentes | D3: {=_xlfn.TEXTSPLIT(C3,"|")} -> Quels combustibles forment des braises au cours de leur combustion ? | E3: Les liquides | F3: Les solides | G3: Les gaz | H3: Les fumées | I3: Aucune des réponses précédentes
A4: 2. Quels sont les éléments qui constituent le triangle du feu ?|Le gaz carbonique|Le comburant|Le combustible|L’énergie d’activation|La poudre|L’eau avec additif|Aucune des réponses précédentes | B4: =FIND(". ",A4) -> 2 | C4: =RIGHT(A4, LEN(A4)-(B4+1)) -> Quels sont les éléments qui constituent le triangle du feu ?|Le gaz carbonique|Le comburant|Le combustible|L’énergie d’activation|La poudre|L’eau avec additif|Aucune des réponses précédentes | D4: {=_xlfn.TEXTSPLIT(C4,"|")} -> Quels sont les éléments qui constituent le triangle du feu ? | E4: Le gaz carbonique | F4: Le comburant | G4: Le combustible | H4: L’énergie d’activation | I4: La poudre | J4: L’eau avec additif | K4: Aucune des réponses précédentes
A5: 3. Parmi ces propositions indiquez le (ou les) comburant(s) ?|Un combustible liquide appelé aussi carburant|Le gaz carbonique|La chaleur|L’oxygène de l’air|La couche d’ozone|Aucune des réponses précédentes | B5: =FIND(". ",A5) -> 2 | C5: =RIGHT(A5, LEN(A5)-(B5+1)) -> Parmi ces propositions indiquez le (ou les) comburant(s) ?|Un combustible liquide appelé aussi carburant|Le gaz carbonique|La chaleur|L’oxygène de l’air|La couche d’ozone|Aucune des réponses précédentes | D5: {=_xlfn.TEXTSPLIT(C5,"|")} -> Parmi ces propositions indiquez le (ou les) comburant(s) ? | E5: Un combustible liquide appelé aussi carburant | F5: Le gaz carbonique | G5: La chaleur | H5: L’oxygène de l’air | I5: La couche d’ozone | J5: Aucune des réponses précédentes
A6: 4. Parmi ces propositions, indiquez celle(s) considérée(s) comme étant un comburant ?|Le propane|Les flammes|L’huile hydraulique|L’oxygène|L’essence|Aucune des réponses précédentes | B6: =FIND(". ",A6) -> 2 | C6: =RIGHT(A6, LEN(A6)-(B6+1)) -> Parmi ces propositions, indiquez celle(s) considérée(s) comme étant un comburant ?|Le propane|Les flammes|L’huile hydraulique|L’oxygène|L’essence|Aucune des réponses précédentes | D6: {=_xlfn.TEXTSPLIT(C6,"|")} -> Parmi ces propositions, indiquez celle(s) considérée(s) comme étant un comburant ? | E6: Le propane | F6: Les flammes | G6: L’huile hydraulique | H6: L’oxygène | I6: L’essence | J6: Aucune des réponses précédentes
A7: 5. La combustion est une réaction :|Exothermocimétrique|Exothermique|Oxydable|Exothérique|Extra-thermique|Aucune des réponses précédentes | B7: =FIND(". ",A7) -> 2 | C7: =RIGHT(A7, LEN(A7)-(B7+1)) -> La combustion est une réaction :|Exothermocimétrique|Exothermique|Oxydable|Exothérique|Extra-thermique|Aucune des réponses précédentes | D7: {=_xlfn.TEXTSPLIT(C7,"|")} -> La combustion est une réaction : | E7: Exothermocimétrique | F7: Exothermique | G7: Oxydable | H7: Exothérique | I7: Extra-thermique | J7: Aucune des réponses précédentes
A8: 6. Quelles sont les différentes causes des incendies ?|Naturelles|Catastrophiques|Humaines|Techniques|Réelles|Aucune des réponses précédentes | B8: =FIND(". ",A8) -> 2 | C8: =RIGHT(A8, LEN(A8)-(B8+1)) -> Quelles sont les différentes causes des incendies ?|Naturelles|Catastrophiques|Humaines|Techniques|Réelles|Aucune des réponses précédentes | D8: {=_xlfn.TEXTSPLIT(C8,"|")} -> Quelles sont les différentes causes des incendies ? | E8: Naturelles | F8: Catastrophiques | G8: Humaines | H8: Techniques | I8: Réelles | J8: Aucune des réponses précédentes
A9: 7. Un incendie peut être d’origine :|Alimentaire|Humaine|Naturelle|Électrique|Hydraulique|Aucune des réponses précédentes | B9: =FIND(". ",A9) -> 2 | C9: =RIGHT(A9, LEN(A9)-(B9+1)) -> Un incendie peut être d’origine :|Alimentaire|Humaine|Naturelle|Électrique|Hydraulique|Aucune des réponses précédentes | D9: {=_xlfn.TEXTSPLIT(C9,"|")} -> Un incendie peut être d’origine : | E9: Alimentaire | F9: Humaine | G9: Naturelle | H9: Électrique | I9: Hydraulique | J9: Aucune des réponses précédentes
A10: 8. Afin de déterminer les agents extincteurs à utiliser, comment classe-t-on les familles de combustibles ?|En fonction de leur dangerosité|En fonction du type de combustion (lente, vive, spontanée)|En fonction de leurs points éclair|En fonction de leurs états (solide, liquide, gaz)|Aucune des réponses précédentes | B10: =FIND(". ",A10) -> 2 | C10: =RIGHT(A10, LEN(A10)-(B10+1)) -> Afin de déterminer les agents extincteurs à utiliser, comment classe-t-on les familles de combustibles ?|En fonction de leur dangerosité|En fonction du type de combustion (lente, vive, spontanée)|En fonction de leurs points éclair|En fonction de leurs états (solide, liquide, gaz)|Aucune des réponses précédentes | D10: {=_xlfn.TEXTSPLIT(C10,"|")} -> Afin de déterminer les agents extincteurs à utiliser, comment classe-t-on les familles de combustibles ? | E10: En fonction de leur dangerosité | F10: En fonction du type de combustion (lente, vive, spontanée) | G10: En fonction de leurs points éclair | H10: En fonction de leurs états (solide, liquide, gaz) | I10: Aucune des réponses précédentes
A11: 9. Quels sont, parmi les propositions suivantes, les éléments qui appartiennent à la classe de feu D ?|Le bois|L’aluminium|Le butane|Le sodium|Aucune des réponses précédentes | B11: =FIND(". ",A11) -> 2 | C11: =RIGHT(A11, LEN(A11)-(B11+1)) -> Quels sont, parmi les propositions suivantes, les éléments qui appartiennent à la classe de feu D ?|Le bois|L’aluminium|Le butane|Le sodium|Aucune des réponses précédentes | D11: {=_xlfn.TEXTSPLIT(C11,"|")} -> Quels sont, parmi les propositions suivantes, les éléments qui appartiennent à la classe de feu D ? | E11: Le bois | F11: L’aluminium | G11: Le butane | H11: Le sodium | I11: Aucune des réponses précédentes
A12: 10. Quels sont, parmi les propositions suivantes, les éléments qui appartiennent à la classe de feu B ?|L’huile moteur|L’alcool|La paille|Certains plastiques|L’oxygène|Aucune des réponses précédentes | B12: =FIND(". ",A12) -> 3 | C12: =RIGHT(A12, LEN(A12)-(B12+1)) -> Quels sont, parmi les propositions suivantes, les éléments qui appartiennent à la classe de feu B ?|L’huile moteur|L’alcool|La paille|Certains plastiques|L’oxygène|Aucune des réponses précédentes | D12: {=_xlfn.TEXTSPLIT(C12,"|")} -> Quels sont, parmi les propositions suivantes, les éléments qui appartiennent à la classe de feu B ? | E12: L’huile moteur | F12: L’alcool | G12: La paille | H12: Certains plastiques | I12: L’oxygène | J12: Aucune des réponses précédentes
A13: 11. Qu’est-ce que la convection dans un feu ?|C’est la transmission de la chaleur par la masse même du matériau|C’est la transmission de la chaleur par l’intermédiaire de l’air|C’est la transmission de la chaleur par l’intermédiaire d’ondes électromagnétiques|C’est la transmission de la chaleur par l’intermédiaire de particules incandescentes|Aucune des réponses précédentes | B13: =FIND(". ",A13) -> 3 | C13: =RIGHT(A13, LEN(A13)-(B13+1)) -> Qu’est-ce que la convection dans un feu ?|C’est la transmission de la chaleur par la masse même du matériau|C’est la transmission de la chaleur par l’intermédiaire de l’air|C’est la transmission de la chaleur par l’intermédiaire d’ondes électromagnétiques|C’est la transmission de la chaleur par l’intermédiaire de particules incandescentes|Aucune des réponses précédentes | D13: {=_xlfn.TEXTSPLIT(C13,"|")} -> Qu’est-ce que la convection dans un feu ? | E13: C’est la transmission de la chaleur par la masse même du matériau | F13: C’est la transmission de la chaleur par l’intermédiaire de l’air | G13: C’est la transmission de la chaleur par l’intermédiaire d’ondes électromagnétiques | H13: C’est la transmission de la chaleur par l’intermédiaire de particules incandescentes | I13: Aucune des réponses précédentes
A14: 12. Comment se propage la chaleur par rayonnement ?|Par la masse du matériau|Par projection de particules incandescentes|Par déplacement de la fumée|Par mouvement des gaz chauds|Par l’intermédiaire d’ondes électromagnétiques|Aucune des réponses précédentes | B14: =FIND(". ",A14) -> 3 | C14: =RIGHT(A14, LEN(A14)-(B14+1)) -> Comment se propage la chaleur par rayonnement ?|Par la masse du matériau|Par projection de particules incandescentes|Par déplacement de la fumée|Par mouvement des gaz chauds|Par l’intermédiaire d’ondes électromagnétiques|Aucune des réponses précédentes | D14: {=_xlfn.TEXTSPLIT(C14,"|")} -> Comment se propage la chaleur par rayonnement ? | E14: Par la masse du matériau | F14: Par projection de particules incandescentes | G14: Par déplacement de la fumée | H14: Par mouvement des gaz chauds | I14: Par l’intermédiaire d’ondes électromagnétiques | J14: Aucune des réponses précédentes
A15: 13. Qu’est-ce que la conduction dans un feu ?|C’est la transmission de la chaleur par la masse même du matériau|C’est la transmission de la chaleur par l’intermédiaire de l’air|C’est la transmission de la chaleur par l’intermédiaire d’ondes électromagnétiques|C’est la transmission de la chaleur par l’intermédiaire de particules incandescentes|Aucune des réponses précédentes | B15: =FIND(". ",A15) -> 3 | C15: =RIGHT(A15, LEN(A15)-(B15+1)) -> Qu’est-ce que la conduction dans un feu ?|C’est la transmission de la chaleur par la masse même du matériau|C’est la transmission de la chaleur par l’intermédiaire de l’air|C’est la transmission de la chaleur par l’intermédiaire d’ondes électromagnétiques|C’est la transmission de la chaleur par l’intermédiaire de particules incandescentes|Aucune des réponses précédentes | D15: {=_xlfn.TEXTSPLIT(C15,"|")} -> Qu’est-ce que la conduction dans un feu ? | E15: C’est la transmission de la chaleur par la masse même du matériau | F15: C’est la transmission de la chaleur par l’intermédiaire de l’air | G15: C’est la transmission de la chaleur par l’intermédiaire d’ondes électromagnétiques | H15: C’est la transmission de la chaleur par l’intermédiaire de particules incandescentes | I15: Aucune des réponses précédentes
A16: 14. Quels sont les modes de propagation d’un incendie ?|Le rayonnement|Les projections|La conviction|La conduction|La fragmentation|La convection|Aucune des réponses précédentes | B16: =FIND(". ",A16) -> 3 | C16: =RIGHT(A16, LEN(A16)-(B16+1)) -> Quels sont les modes de propagation d’un incendie ?|Le rayonnement|Les projections|La conviction|La conduction|La fragmentation|La convection|Aucune des réponses précédentes | D16: {=_xlfn.TEXTSPLIT(C16,"|")} -> Quels sont les modes de propagation d’un incendie ? | E16: Le rayonnement | F16: Les projections | G16: La conviction | H16: La conduction | I16: La fragmentation | J16: La convection | K16: Aucune des réponses précédentes
A17: [1.2] Le feu partie 2 | B17: =FIND(". ",A17) -> #VALUE! | C17: =RIGHT(A17, LEN(A17)-(B17+1)) -> #VALUE! | D17: {=_xlfn.TEXTSPLIT(C17,"|")} -> #VALUE!
A18: 1. À quoi s’applique la résistance au feu ?|Aux matériaux utilisés pour l’ameublement|Aux éléments de construction|Aux revêtements de sol|Aux piliers|À la quantité de chaleur dégagée|Aucune des réponses précédentes | B18: =FIND(". ",A18) -> 2 | C18: =RIGHT(A18, LEN(A18)-(B18+1)) -> À quoi s’applique la résistance au feu ?|Aux matériaux utilisés pour l’ameublement|Aux éléments de construction|Aux revêtements de sol|Aux piliers|À la quantité de chaleur dégagée|Aucune des réponses précédentes | D18: {=_xlfn.TEXTSPLIT(C18,"|")} -> À quoi s’applique la résistance au feu ? | E18: Aux matériaux utilisés pour l’ameublement | F18: Aux éléments de construction | G18: Aux revêtements de sol | H18: Aux piliers | I18: À la quantité de chaleur dégagée | J18: Aucune des réponses précédentes
A19: 2. Comment sont exprimées les durées de résistance au feu, dans les euroclasses ?|En secondes|En minutes|En heures|En heures et minutes|Aucune des réponses précédentes | B19: =FIND(". ",A19) -> 2 | C19: =RIGHT(A19, LEN(A19)-(B19+1)) -> Comment sont exprimées les durées de résistance au feu, dans les euroclasses ?|En secondes|En minutes|En heures|En heures et minutes|Aucune des réponses précédentes | D19: {=_xlfn.TEXTSPLIT(C19,"|")} -> Comment sont exprimées les durées de résistance au feu, dans les euroclasses ? | E19: En secondes | F19: En minutes | G19: En heures | H19: En heures et minutes | I19: Aucune des réponses précédentes
A20: 3. SF-PF-CF correspondent :|À la résistance au feu des éléments de construction|À la réaction au feu des matériaux de construction|Aux niveaux d’accès du S.S.I|Aux classements d’E.R.P|Aucune des réponses précédentes | B20: =FIND(". ",A20) -> 2 | C20: =RIGHT(A20, LEN(A20)-(B20+1)) -> SF-PF-CF correspondent :|À la résistance au feu des éléments de construction|À la réaction au feu des matériaux de construction|Aux niveaux d’accès du S.S.I|Aux classements d’E.R.P|Aucune des réponses précédentes | D20: {=_xlfn.TEXTSPLIT(C20,"|")} -> SF-PF-CF correspondent : | E20: À la résistance au feu des éléments de construction | F20: À la réaction au feu des matériaux de construction | G20: Aux niveaux d’accès du S.S.I | H20: Aux classements d’E.R.P | I20: Aucune des réponses précédentes
A21: 4. La réaction au feu d’un matériau peut être notée :|SF|A1|CF|M0|M2|Aucune des réponses précédentes | B21: =FIND(". ",A21) -> 2 | C21: =RIGHT(A21, LEN(A21)-(B21+1)) -> La réaction au feu d’un matériau peut être notée :|SF|A1|CF|M0|M2|Aucune des réponses précédentes | D21: {=_xlfn.TEXTSPLIT(C21,"|")} -> La réaction au feu d’un matériau peut être notée : | E21: SF | F21: A1 | G21: CF | H21: M0 | I21: M2 | J21: Aucune des réponses précédentes
A22: 5. Le classement M1 correspond à :|La résistance au feu d’une porte|Le potentiel d’extinction d’un extincteur|La réaction au feu d’un matériau|La manœuvre mensuelle obligatoire|Aucune des réponses précédentes | B22: =FIND(". ",A22) -> 2 | C22: =RIGHT(A22, LEN(A22)-(B22+1)) -> Le classement M1 correspond à :|La résistance au feu d’une porte|Le potentiel d’extinction d’un extincteur|La réaction au feu d’un matériau|La manœuvre mensuelle obligatoire|Aucune des réponses précédentes | D22: {=_xlfn.TEXTSPLIT(C22,"|")} -> Le classement M1 correspond à : | E22: La résistance au feu d’une porte | F22: Le potentiel d’extinction d’un extincteur | G22: La réaction au feu d’un matériau | H22: La manœuvre mensuelle obligatoire | I22: Aucune des réponses précédentes
A23: 6. Un classement de réaction au feu est demandé pour :|Un revêtement mural|Un rétroprojecteur|Un revêtement de sol|Un gros mobilier|Aucune des réponses précédentes | B23: =FIND(". ",A23) -> 2 | C23: =RIGHT(A23, LEN(A23)-(B23+1)) -> Un classement de réaction au feu est demandé pour :|Un revêtement mural|Un rétroprojecteur|Un revêtement de sol|Un gros mobilier|Aucune des réponses précédentes | D23: {=_xlfn.TEXTSPLIT(C23,"|")} -> Un classement de réaction au feu est demandé pour : | E23: Un revêtement mural | F23: Un rétroprojecteur | G23: Un revêtement de sol | H23: Un gros mobilier | I23: Aucune des réponses précédentes
A24: 7. En ERP, donnez les principales règles pour le revêtement des escaliers encloisonnés ?|M1 pour les murs|M2 pour le sol|M3 pour le plafond|M4 pour le sol|M1 pour le plafond|M3 pour le sol|Aucune des réponses précédentes | B24: =FIND(". ",A24) -> 2 | C24: =RIGHT(A24, LEN(A24)-(B24+1)) -> En ERP, donnez les principales règles pour le revêtement des escaliers encloisonnés ?|M1 pour les murs|M2 pour le sol|M3 pour le plafond|M4 pour le sol|M1 pour le plafond|M3 pour le sol|Aucune des réponses précédentes | D24: {=_xlfn.TEXTSPLIT(C24,"|")} -> En ERP, donnez les principales règles pour le revêtement des escaliers encloisonnés ? | E24: M1 pour les murs | F24: M2 pour le sol | G24: M3 pour le plafond | H24: M4 pour le sol | I24: M1 pour le plafond | J24: M3 pour le sol | K24: Aucune des réponses précédentes
A25: 8. La résistance au feu s’applique :|Aux meubles|Aux sapins de Noël|Aux objets|Aux éléments de construction|Aucune des réponses précédentes | B25: =FIND(". ",A25) -> 2 | C25: =RIGHT(A25, LEN(A25)-(B25+1)) -> La résistance au feu s’applique :|Aux meubles|Aux sapins de Noël|Aux objets|Aux éléments de construction|Aucune des réponses précédentes | D25: {=_xlfn.TEXTSPLIT(C25,"|")} -> La résistance au feu s’applique : | E25: Aux meubles | F25: Aux sapins de Noël | G25: Aux objets | H25: Aux éléments de construction | I25: Aucune des réponses précédentes
A26: 9. Un élément de construction qui résiste au feu peut être classé :|Coupe-feu|REI|Pare-feu|A.E.S.|Stable au feu|Aucune des réponses précédentes | B26: =FIND(". ",A26) -> 2 | C26: =RIGHT(A26, LEN(A26)-(B26+1)) -> Un élément de construction qui résiste au feu peut être classé :|Coupe-feu|REI|Pare-feu|A.E.S.|Stable au feu|Aucune des réponses précédentes | D26: {=_xlfn.TEXTSPLIT(C26,"|")} -> Un élément de construction qui résiste au feu peut être classé : | E26: Coupe-feu | F26: REI | G26: Pare-feu | H26: A.E.S. | I26: Stable au feu | J26: Aucune des réponses précédentes
A27: [2] Classement des ERP (1) | B27: =FIND(". ",A27) -> #VALUE! | C27: =RIGHT(A27, LEN(A27)-(B27+1)) -> #VALUE! | D27: {=_xlfn.TEXTSPLIT(C27,"|")} -> #VALUE!
A28: [2.1] ERP | B28: =FIND(". ",A28) -> #VALUE! | C28: =RIGHT(A28, LEN(A28)-(B28+1)) -> #VALUE! | D28: {=_xlfn.TEXTSPLIT(C28,"|")} -> #VALUE!
A29: 1. Quel établissement suivant est classé en type OA ?|Un hôtel habité|Un hôtel d’altitude|Une habitation occupée|Un organisme agréé|Aucune des réponses précédentes | B29: =FIND(". ",A29) -> 2 | C29: =RIGHT(A29, LEN(A29)-(B29+1)) -> Quel établissement suivant est classé en type OA ?|Un hôtel habité|Un hôtel d’altitude|Une habitation occupée|Un organisme agréé|Aucune des réponses précédentes | D29: {=_xlfn.TEXTSPLIT(C29,"|")} -> Quel établissement suivant est classé en type OA ? | E29: Un hôtel habité | F29: Un hôtel d’altitude | G29: Une habitation occupée | H29: Un organisme agréé | I29: Aucune des réponses précédentes
A30: 2. Qu’est-ce qu’un établissement de type PA ?|Un parc automobile|Un stand de tir|Un centre de formation professionnel pour adultes|Aucune des réponses précédentes | B30: =FIND(". ",A30) -> 2 | C30: =RIGHT(A30, LEN(A30)-(B30+1)) -> Qu’est-ce qu’un établissement de type PA ?|Un parc automobile|Un stand de tir|Un centre de formation professionnel pour adultes|Aucune des réponses précédentes | D30: {=_xlfn.TEXTSPLIT(C30,"|")} -> Qu’est-ce qu’un établissement de type PA ? | E30: Un parc automobile | F30: Un stand de tir | G30: Un centre de formation professionnel pour adultes | H30: Aucune des réponses précédentes
A31: 3. Parmi les établissements suivants, lesquels sont des ERP ?|Un train de voyageur|Un parc d’exposition|Une salle de concert|Un dépôt de gaz|Une menuiserie|Aucune des réponses précédentes | B31: =FIND(". ",A31) -> 2 | C31: =RIGHT(A31, LEN(A31)-(B31+1)) -> Parmi les établissements suivants, lesquels sont des ERP ?|Un train de voyageur|Un parc d’exposition|Une salle de concert|Un dépôt de gaz|Une menuiserie|Aucune des réponses précédentes | D31: {=_xlfn.TEXTSPLIT(C31,"|")} -> Parmi les établissements suivants, lesquels sont des ERP ? | E31: Un train de voyageur | F31: Un parc d’exposition | G31: Une salle de concert | H31: Un dépôt de gaz | I31: Une menuiserie | J31: Aucune des réponses précédentes
A32: 4. Quel règlement de sécurité incendie est applicable aux E.R.P. du 1er groupe ?|L’arrêté du 08 mai 1968 modifié|L’arrêté du 18 octobre 1977 modifié|L’arrêté du 25 juin 1980 modifié|L’arrêté du 02 mai 2005 modifié|L’arrêté du 23 août 2008 modifié|Aucune des réponses précédentes | B32: =FIND(". ",A32) -> 2 | C32: =RIGHT(A32, LEN(A32)-(B32+1)) -> Quel règlement de sécurité incendie est applicable aux E.R.P. du 1er groupe ?|L’arrêté du 08 mai 1968 modifié|L’arrêté du 18 octobre 1977 modifié|L’arrêté du 25 juin 1980 modifié|L’arrêté du 02 mai 2005 modifié|L’arrêté du 23 août 2008 modifié|Aucune des réponses précédentes | D32: {=_xlfn.TEXTSPLIT(C32,"|")} -> Quel règlement de sécurité incendie est applicable aux E.R.P. du 1er groupe ? | E32: L’arrêté du 08 mai 1968 modifié | F32: L’arrêté du 18 octobre 1977 modifié | G32: L’arrêté du 25 juin 1980 modifié | H32: L’arrêté du 02 mai 2005 modifié | I32: L’arrêté du 23 août 2008 modifié | J32: Aucune des réponses précédentes
A33: 5. Une maison d’accueil pour handicapés pouvant recevoir 308 personnes est classée :|Type J|Type U|Type R|2ème catégorie|3ème catégorie|4ème catégorie|Aucune des réponses précédentes | B33: =FIND(". ",A33) -> 2 | C33: =RIGHT(A33, LEN(A33)-(B33+1)) -> Une maison d’accueil pour handicapés pouvant recevoir 308 personnes est classée :|Type J|Type U|Type R|2ème catégorie|3ème catégorie|4ème catégorie|Aucune des réponses précédentes | D33: {=_xlfn.TEXTSPLIT(C33,"|")} -> Une maison d’accueil pour handicapés pouvant recevoir 308 personnes est classée : | E33: Type J | F33: Type U | G33: Type R | H33: 2ème catégorie | I33: 3ème catégorie | J33: 4ème catégorie | K33: Aucune des réponses précédentes
A34: 6. Les ERP sont classés par catégorie en fonction :|Du nombre maximum de personnes admises|Du nombre d’étages|Du nombre de locaux|Du nombre de sorties|Aucune des réponses précédentes | B34: =FIND(". ",A34) -> 2 | C34: =RIGHT(A34, LEN(A34)-(B34+1)) -> Les ERP sont classés par catégorie en fonction :|Du nombre maximum de personnes admises|Du nombre d’étages|Du nombre de locaux|Du nombre de sorties|Aucune des réponses précédentes | D34: {=_xlfn.TEXTSPLIT(C34,"|")} -> Les ERP sont classés par catégorie en fonction : | E34: Du nombre maximum de personnes admises | F34: Du nombre d’étages | G34: Du nombre de locaux | H34: Du nombre de sorties | I34: Aucune des réponses précédentes
A35: [3] Classement des IGH (1) | B35: =FIND(". ",A35) -> #VALUE! | C35: =RIGHT(A35, LEN(A35)-(B35+1)) -> #VALUE! | D35: {=_xlfn.TEXTSPLIT(C35,"|")} -> #VALUE!
A36: [2.1] IGH | B36: =FIND(". ",A36) -> #VALUE! | C36: =RIGHT(A36, LEN(A36)-(B36+1)) -> #VALUE! | D36: {=_xlfn.TEXTSPLIT(C36,"|")} -> #VALUE!
A37: 1. Les IGH à usage exclusif de bureaux sont classés de la façon suivante :|GHZ|GHR|GHW1|GHW2|Aucune des réponses précédentes | B37: =FIND(". ",A37) -> 2 | C37: =RIGHT(A37, LEN(A37)-(B37+1)) -> Les IGH à usage exclusif de bureaux sont classés de la façon suivante :|GHZ|GHR|GHW1|GHW2|Aucune des réponses précédentes | D37: {=_xlfn.TEXTSPLIT(C37,"|")} -> Les IGH à usage exclusif de bureaux sont classés de la façon suivante : | E37: GHZ | F37: GHR | G37: GHW1 | H37: GHW2 | I37: Aucune des réponses précédentes
A38: 2. Le classement d’un bâtiment en immeuble de grande hauteur est déterminé d’après :|La catégorie de l’établissement|La surface accessible au public|La hauteur du plancher bas du dernier niveau|La commission de sécurité compétente|Aucune des réponses précédentes | B38: =FIND(". ",A38) -> 2 | C38: =RIGHT(A38, LEN(A38)-(B38+1)) -> Le classement d’un bâtiment en immeuble de grande hauteur est déterminé d’après :|La catégorie de l’établissement|La surface accessible au public|La hauteur du plancher bas du dernier niveau|La commission de sécurité compétente|Aucune des réponses précédentes | D38: {=_xlfn.TEXTSPLIT(C38,"|")} -> Le classement d’un bâtiment en immeuble de grande hauteur est déterminé d’après : | E38: La catégorie de l’établissement | F38: La surface accessible au public | G38: La hauteur du plancher bas du dernier niveau | H38: La commission de sécurité compétente | I38: Aucune des réponses précédentes
A39: 3. Qu’est-ce qu’un GH S ?|Un IGH à usage mixte|Un IGH d’enseignement|Un IGH d’habitation|Un IGH d’archives|Aucune des réponses précédentes | B39: =FIND(". ",A39) -> 2 | C39: =RIGHT(A39, LEN(A39)-(B39+1)) -> Qu’est-ce qu’un GH S ?|Un IGH à usage mixte|Un IGH d’enseignement|Un IGH d’habitation|Un IGH d’archives|Aucune des réponses précédentes | D39: {=_xlfn.TEXTSPLIT(C39,"|")} -> Qu’est-ce qu’un GH S ? | E39: Un IGH à usage mixte | F39: Un IGH d’enseignement | G39: Un IGH d’habitation | H39: Un IGH d’archives | I39: Aucune des réponses précédentes
A40: 4. Est considéré comme IGH, tout bâtiment dont le plancher bas du dernier niveau est situé à plus de :|50 mètres pour les immeubles à usage d’habitation|28 mètres pour les immeubles ne relevant pas de l’habitation|28 mètres pour les immeubles à usage d’habitation|Aucune des réponses précédentes | B40: =FIND(". ",A40) -> 2 | C40: =RIGHT(A40, LEN(A40)-(B40+1)) -> Est considéré comme IGH, tout bâtiment dont le plancher bas du dernier niveau est situé à plus de :|50 mètres pour les immeubles à usage d’habitation|28 mètres pour les immeubles ne relevant pas de l’habitation|28 mètres pour les immeubles à usage d’habitation|Aucune des réponses précédentes | D40: {=_xlfn.TEXTSPLIT(C40,"|")} -> Est considéré comme IGH, tout bâtiment dont le plancher bas du dernier niveau est situé à plus de : | E40: 50 mètres pour les immeubles à usage d’habitation | F40: 28 mètres pour les immeubles ne relevant pas de l’habitation | G40: 28 mètres pour les immeubles à usage d’habitation | H40: Aucune des réponses précédentes
A41: 5. Un immeuble à usage de bureau dont le plancher bas du dernier niveau est situé à 18 mètres de hauteur sera classé en :|GH U|GH W1|GH W2|GH Z|Aucune des réponses précédentes | B41: =FIND(". ",A41) -> 2 | C41: =RIGHT(A41, LEN(A41)-(B41+1)) -> Un immeuble à usage de bureau dont le plancher bas du dernier niveau est situé à 18 mètres de hauteur sera classé en :|GH U|GH W1|GH W2|GH Z|Aucune des réponses précédentes | D41: {=_xlfn.TEXTSPLIT(C41,"|")} -> Un immeuble à usage de bureau dont le plancher bas du dernier niveau est situé à 18 mètres de hauteur sera classé en : | E41: GH U | F41: GH W1 | G41: GH W2 | H41: GH Z | I41: Aucune des réponses précédentes
A42: 6. Qu’est-ce qu’un GH U ?|Un IGH à usage d’habitation|Un IGH à usage de bureaux|Un IGH à usage mixte|Un IGH à usage d’archives|Aucune des réponses précédentes | B42: =FIND(". ",A42) -> 2 | C42: =RIGHT(A42, LEN(A42)-(B42+1)) -> Qu’est-ce qu’un GH U ?|Un IGH à usage d’habitation|Un IGH à usage de bureaux|Un IGH à usage mixte|Un IGH à usage d’archives|Aucune des réponses précédentes | D42: {=_xlfn.TEXTSPLIT(C42,"|")} -> Qu’est-ce qu’un GH U ? | E42: Un IGH à usage d’habitation | F42: Un IGH à usage de bureaux | G42: Un IGH à usage mixte | H42: Un IGH à usage d’archives | I42: Aucune des réponses précédentes
A43: 7. Qu’est-ce qu’un GH A ?|Un IGH d’habitation|Un IGH de bureaux|Un IGH hôtelier|Un IGH hospitalier|Aucune des réponses précédentes | B43: =FIND(". ",A43) -> 2 | C43: =RIGHT(A43, LEN(A43)-(B43+1)) -> Qu’est-ce qu’un GH A ?|Un IGH d’habitation|Un IGH de bureaux|Un IGH hôtelier|Un IGH hospitalier|Aucune des réponses précédentes | D43: {=_xlfn.TEXTSPLIT(C43,"|")} -> Qu’est-ce qu’un GH A ? | E43: Un IGH d’habitation | F43: Un IGH de bureaux | G43: Un IGH hôtelier | H43: Un IGH hospitalier | I43: Aucune des réponses précédentes
A44: [4] Sécurité incendie en ERP (5) | B44: =FIND(". ",A44) -> #VALUE! | C44: =RIGHT(A44, LEN(A44)-(B44+1)) -> #VALUE! | D44: {=_xlfn.TEXTSPLIT(C44,"|")} -> #VALUE!
A45: [2.2] FONDAMENTAUX | B45: =FIND(". ",A45) -> #VALUE! | C45: =RIGHT(A45, LEN(A45)-(B45+1)) -> #VALUE! | D45: {=_xlfn.TEXTSPLIT(C45,"|")} -> #VALUE!
A46: 1. Quels sont les principes généraux de sécurité en ERP ?|Assurer uniquement la sauvegarde des biens|Permettre une évacuation rapide et sûre des occupants|Gérer le sinistre à la place des secours extérieurs|Limiter la propagation du feu|Faciliter l’intervention des secours|Aucune des réponses précédentes | B46: =FIND(". ",A46) -> 2 | C46: =RIGHT(A46, LEN(A46)-(B46+1)) -> Quels sont les principes généraux de sécurité en ERP ?|Assurer uniquement la sauvegarde des biens|Permettre une évacuation rapide et sûre des occupants|Gérer le sinistre à la place des secours extérieurs|Limiter la propagation du feu|Faciliter l’intervention des secours|Aucune des réponses précédentes | D46: {=_xlfn.TEXTSPLIT(C46,"|")} -> Quels sont les principes généraux de sécurité en ERP ? | E46: Assurer uniquement la sauvegarde des biens | F46: Permettre une évacuation rapide et sûre des occupants | G46: Gérer le sinistre à la place des secours extérieurs | H46: Limiter la propagation du feu | I46: Faciliter l’intervention des secours | J46: Aucune des réponses précédentes
A47: [2.3] DESSERTE | B47: =FIND(". ",A47) -> #VALUE! | C47: =RIGHT(A47, LEN(A47)-(B47+1)) -> #VALUE! | D47: {=_xlfn.TEXTSPLIT(C47,"|")} -> #VALUE!
A48: 1. En règle générale, un ERP est considéré comme isolé s’il est situé à une distance minimum de :|1 mètre du tiers|2 mètres du tiers|3 mètres du tiers|8 mètres du tiers|Aucune des réponses précédentes | B48: =FIND(". ",A48) -> 2 | C48: =RIGHT(A48, LEN(A48)-(B48+1)) -> En règle générale, un ERP est considéré comme isolé s’il est situé à une distance minimum de :|1 mètre du tiers|2 mètres du tiers|3 mètres du tiers|8 mètres du tiers|Aucune des réponses précédentes | D48: {=_xlfn.TEXTSPLIT(C48,"|")} -> En règle générale, un ERP est considéré comme isolé s’il est situé à une distance minimum de : | E48: 1 mètre du tiers | F48: 2 mètres du tiers | G48: 3 mètres du tiers | H48: 8 mètres du tiers | I48: Aucune des réponses précédentes
A49: 2. Quelle est l’utilité des baies accessibles ?|Elles permettent l’intervention des équipes de sécurité|Elles permettent l’intervention des services de secours|Elles permettent l’évacuation normale du public|Elles facilitent le nettoyage|Elles permettent la ventilation|Aucune des réponses précédentes | B49: =FIND(". ",A49) -> 2 | C49: =RIGHT(A49, LEN(A49)-(B49+1)) -> Quelle est l’utilité des baies accessibles ?|Elles permettent l’intervention des équipes de sécurité|Elles permettent l’intervention des services de secours|Elles permettent l’évacuation normale du public|Elles facilitent le nettoyage|Elles permettent la ventilation|Aucune des réponses précédentes | D49: {=_xlfn.TEXTSPLIT(C49,"|")} -> Quelle est l’utilité des baies accessibles ? | E49: Elles permettent l’intervention des équipes de sécurité | F49: Elles permettent l’intervention des services de secours | G49: Elles permettent l’évacuation normale du public | H49: Elles facilitent le nettoyage | I49: Elles permettent la ventilation | J49: Aucune des réponses précédentes
A50: 3. Un espace libre est un espace permettant :|Aux véhicules du public de stationner librement|Au public d’accéder librement à l’ERP|Aux pompiers d’accéder à l’établissement|Aux véhicules de livraisons de stationner librement|Aucune des réponses précédentes | B50: =FIND(". ",A50) -> 2 | C50: =RIGHT(A50, LEN(A50)-(B50+1)) -> Un espace libre est un espace permettant :|Aux véhicules du public de stationner librement|Au public d’accéder librement à l’ERP|Aux pompiers d’accéder à l’établissement|Aux véhicules de livraisons de stationner librement|Aucune des réponses précédentes | D50: {=_xlfn.TEXTSPLIT(C50,"|")} -> Un espace libre est un espace permettant : | E50: Aux véhicules du public de stationner librement | F50: Au public d’accéder librement à l’ERP | G50: Aux pompiers d’accéder à l’établissement | H50: Aux véhicules de livraisons de stationner librement | I50: Aucune des réponses précédentes
A51: [2.4] CLOISONNEMENT | B51: =FIND(". ",A51) -> #VALUE! | C51: =RIGHT(A51, LEN(A51)-(B51+1)) -> #VALUE! | D51: {=_xlfn.TEXTSPLIT(C51,"|")} -> #VALUE!
A52: 1. Quelles sont les différentes conceptions de distribution intérieure des locaux dans les E.R.P ?|Cloisonnement traditionnel|Cloisonnement moderne|Compartiment|Secteurs|Aucune des réponses précédentes | B52: =FIND(". ",A52) -> 2 | C52: =RIGHT(A52, LEN(A52)-(B52+1)) -> Quelles sont les différentes conceptions de distribution intérieure des locaux dans les E.R.P ?|Cloisonnement traditionnel|Cloisonnement moderne|Compartiment|Secteurs|Aucune des réponses précédentes | D52: {=_xlfn.TEXTSPLIT(C52,"|")} -> Quelles sont les différentes conceptions de distribution intérieure des locaux dans les E.R.P ? | E52: Cloisonnement traditionnel | F52: Cloisonnement moderne | G52: Compartiment | H52: Secteurs | I52: Aucune des réponses précédentes
A53: 2. En E.R.P, les locaux sont répartis en locaux à risques :|Normaux|Courants|Moyens|Importants|Dangereux|Aucune des réponses précédentes | B53: =FIND(". ",A53) -> 2 | C53: =RIGHT(A53, LEN(A53)-(B53+1)) -> En E.R.P, les locaux sont répartis en locaux à risques :|Normaux|Courants|Moyens|Importants|Dangereux|Aucune des réponses précédentes | D53: {=_xlfn.TEXTSPLIT(C53,"|")} -> En E.R.P, les locaux sont répartis en locaux à risques : | E53: Normaux | F53: Courants | G53: Moyens | H53: Importants | I53: Dangereux | J53: Aucune des réponses précédentes
A54: 3. En E.R.P. un local poubelle est un local classé :|À risques courants|À risques faibles|À risques particuliers|À risques ciblés|Aucune des réponses précédentes | B54: =FIND(". ",A54) -> 2 | C54: =RIGHT(A54, LEN(A54)-(B54+1)) -> En E.R.P. un local poubelle est un local classé :|À risques courants|À risques faibles|À risques particuliers|À risques ciblés|Aucune des réponses précédentes | D54: {=_xlfn.TEXTSPLIT(C54,"|")} -> En E.R.P. un local poubelle est un local classé : | E54: À risques courants | F54: À risques faibles | G54: À risques particuliers | H54: À risques ciblés | I54: Aucune des réponses précédentes
A55: 4. Sur une porte coupe-feu que puis-je trouver comme indication :|Porte coupe-feu à ouverture automatique|Porte coupe-feu à maintenir ouverte|Porte coupe-feu à maintenir fermée|Porte coupe-feu - Ne mettez pas d’obstacle à la fermeture|Aucune des réponses précédentes | B55: =FIND(". ",A55) -> 2 | C55: =RIGHT(A55, LEN(A55)-(B55+1)) -> Sur une porte coupe-feu que puis-je trouver comme indication :|Porte coupe-feu à ouverture automatique|Porte coupe-feu à maintenir ouverte|Porte coupe-feu à maintenir fermée|Porte coupe-feu - Ne mettez pas d’obstacle à la fermeture|Aucune des réponses précédentes | D55: {=_xlfn.TEXTSPLIT(C55,"|")} -> Sur une porte coupe-feu que puis-je trouver comme indication : | E55: Porte coupe-feu à ouverture automatique | F55: Porte coupe-feu à maintenir ouverte | G55: Porte coupe-feu à maintenir fermée | H55: Porte coupe-feu - Ne mettez pas d’obstacle à la fermeture | I55: Aucune des réponses précédentes
B56: =FIND(". ",A56) -> #VALUE! | C56: =RIGHT(A56, LEN(A56)-(B56+1)) -> #VALUE! | D56: {=_xlfn.TEXTSPLIT(C56,"|")} -> #VALUE!
A57: [2.5] ÉVACUATIONS | B57: =FIND(". ",A57) -> #VALUE! | C57: =RIGHT(A57, LEN(A57)-(B57+1)) -> #VALUE! | D57: {=_xlfn.TEXTSPLIT(C57,"|")} -> #VALUE!
A58: 1. On trouve des dégagements :|Élémentaires|Accessoires|Supplémentaires|Complémentaires|Normaux|Sédentaires|Aucune des réponses précédentes | B58: =FIND(". ",A58) -> 2 | C58: =RIGHT(A58, LEN(A58)-(B58+1)) -> On trouve des dégagements :|Élémentaires|Accessoires|Supplémentaires|Complémentaires|Normaux|Sédentaires|Aucune des réponses précédentes | D58: {=_xlfn.TEXTSPLIT(C58,"|")} -> On trouve des dégagements : | E58: Élémentaires | F58: Accessoires | G58: Supplémentaires | H58: Complémentaires | I58: Normaux | J58: Sédentaires | K58: Aucune des réponses précédentes
A59: 2. Un escalier encloisonné est un escalier :|Protégé|À l’air libre|Mis à l’abri des fumées|Désenfumé|Monumental|Aucune des réponses précédentes | B59: =FIND(". ",A59) -> 2 | C59: =RIGHT(A59, LEN(A59)-(B59+1)) -> Un escalier encloisonné est un escalier :|Protégé|À l’air libre|Mis à l’abri des fumées|Désenfumé|Monumental|Aucune des réponses précédentes | D59: {=_xlfn.TEXTSPLIT(C59,"|")} -> Un escalier encloisonné est un escalier : | E59: Protégé | F59: À l’air libre | G59: Mis à l’abri des fumées | H59: Désenfumé | I59: Monumental | J59: Aucune des réponses précédentes
A60: 3. Quelle est la largeur d’une circulation de deux Unités de Passage (UP) ?|0,6 m|0,9 m|1,20 m|1,40 m|1,80 m|Aucune des réponses précédentes | B60: =FIND(". ",A60) -> 2 | C60: =RIGHT(A60, LEN(A60)-(B60+1)) -> Quelle est la largeur d’une circulation de deux Unités de Passage (UP) ?|0,6 m|0,9 m|1,20 m|1,40 m|1,80 m|Aucune des réponses précédentes | D60: {=_xlfn.TEXTSPLIT(C60,"|")} -> Quelle est la largeur d’une circulation de deux Unités de Passage (UP) ? | E60: 0,6 m | F60: 0,9 m | G60: 1,20 m | H60: 1,40 m | I60: 1,80 m | J60: Aucune des réponses précédentes
A61: 4. Quelle est la largeur type de l’Unité de Passage (UP) ?|0,6 m|0,9 m|1,20 m|1,40 m|1,80 m|Aucune des réponses précédentes | B61: =FIND(". ",A61) -> 2 | C61: =RIGHT(A61, LEN(A61)-(B61+1)) -> Quelle est la largeur type de l’Unité de Passage (UP) ?|0,6 m|0,9 m|1,20 m|1,40 m|1,80 m|Aucune des réponses précédentes | D61: {=_xlfn.TEXTSPLIT(C61,"|")} -> Quelle est la largeur type de l’Unité de Passage (UP) ? | E61: 0,6 m | F61: 0,9 m | G61: 1,20 m | H61: 1,40 m | I61: 1,80 m | J61: Aucune des réponses précédentes
A62: 5. Quelle est la largeur d’une circulation d’une Unité de Passage (UP) ?|0,6 m|0,9 m|1,20 m|1,40 m|1,80 m|Aucune des réponses précédentes | B62: =FIND(". ",A62) -> 2 | C62: =RIGHT(A62, LEN(A62)-(B62+1)) -> Quelle est la largeur d’une circulation d’une Unité de Passage (UP) ?|0,6 m|0,9 m|1,20 m|1,40 m|1,80 m|Aucune des réponses précédentes | D62: {=_xlfn.TEXTSPLIT(C62,"|")} -> Quelle est la largeur d’une circulation d’une Unité de Passage (UP) ? | E62: 0,6 m | F62: 0,9 m | G62: 1,20 m | H62: 1,40 m | I62: 1,80 m | J62: Aucune des réponses précédentes
A63: 6. Un dégagement peut être :|Une porte|Un escalier|Une sortie|Une circulation horizontale|Aucune des réponses précédentes | B63: =FIND(". ",A63) -> 2 | C63: =RIGHT(A63, LEN(A63)-(B63+1)) -> Un dégagement peut être :|Une porte|Un escalier|Une sortie|Une circulation horizontale|Aucune des réponses précédentes | D63: {=_xlfn.TEXTSPLIT(C63,"|")} -> Un dégagement peut être : | E63: Une porte | F63: Un escalier | G63: Une sortie | H63: Une circulation horizontale | I63: Aucune des réponses précédentes
A64: [2.6] DÉSENFUMAGE | B64: =FIND(". ",A64) -> #VALUE! | C64: =RIGHT(A64, LEN(A64)-(B64+1)) -> #VALUE! | D64: {=_xlfn.TEXTSPLIT(C64,"|")} -> #VALUE!
A65: 1. Le désenfumage a pour but de :|Faciliter l’évacuation du public|Faciliter l’interdiction de fumer|Faciliter l’intervention des secours|Refroidir les locaux|Aucune des réponses précédentes | B65: =FIND(". ",A65) -> 2 | C65: =RIGHT(A65, LEN(A65)-(B65+1)) -> Le désenfumage a pour but de :|Faciliter l’évacuation du public|Faciliter l’interdiction de fumer|Faciliter l’intervention des secours|Refroidir les locaux|Aucune des réponses précédentes | D65: {=_xlfn.TEXTSPLIT(C65,"|")} -> Le désenfumage a pour but de : | E65: Faciliter l’évacuation du public | F65: Faciliter l’interdiction de fumer | G65: Faciliter l’intervention des secours | H65: Refroidir les locaux | I65: Aucune des réponses précédentes
A66: 2. Un clapet coupe-feu est :|Un volume fermé servant au passage d’un fluide déterminé|Un volume fermé généralement accessible et renfermant un ou plusieurs conduits|Un dispositif actionné de sécurité destiné au compartimentage|Un dispositif d’évacuation des fumées situé en toiture|Aucune des réponses précédentes | B66: =FIND(". ",A66) -> 2 | C66: =RIGHT(A66, LEN(A66)-(B66+1)) -> Un clapet coupe-feu est :|Un volume fermé servant au passage d’un fluide déterminé|Un volume fermé généralement accessible et renfermant un ou plusieurs conduits|Un dispositif actionné de sécurité destiné au compartimentage|Un dispositif d’évacuation des fumées situé en toiture|Aucune des réponses précédentes | D66: {=_xlfn.TEXTSPLIT(C66,"|")} -> Un clapet coupe-feu est : | E66: Un volume fermé servant au passage d’un fluide déterminé | F66: Un volume fermé généralement accessible et renfermant un ou plusieurs conduits | G66: Un dispositif actionné de sécurité destiné au compartimentage | H66: Un dispositif d’évacuation des fumées situé en toiture | I66: Aucune des réponses précédentes
A67: 3. Un conduit est :|Un volume fermé servant au passage d’un fluide déterminé|Un volume fermé généralement accessible et renfermant un ou plusieurs conduits|Un dispositif d’évacuation des fumées situé en façade|Un dispositif d’accès mobile fermé en position normale|Aucune des réponses précédentes | B67: =FIND(". ",A67) -> 2 | C67: =RIGHT(A67, LEN(A67)-(B67+1)) -> Un conduit est :|Un volume fermé servant au passage d’un fluide déterminé|Un volume fermé généralement accessible et renfermant un ou plusieurs conduits|Un dispositif d’évacuation des fumées situé en façade|Un dispositif d’accès mobile fermé en position normale|Aucune des réponses précédentes | D67: {=_xlfn.TEXTSPLIT(C67,"|")} -> Un conduit est : | E67: Un volume fermé servant au passage d’un fluide déterminé | F67: Un volume fermé généralement accessible et renfermant un ou plusieurs conduits | G67: Un dispositif d’évacuation des fumées situé en façade | H67: Un dispositif d’accès mobile fermé en position normale | I67: Aucune des réponses précédentes
A68: 4. Une gaine est :|Un volume fermé servant au passage d’un fluide déterminé|Un volume fermé généralement accessible et renfermant un ou plusieurs conduits|Un dispositif d’évacuation des fumées situé en façade|Un dispositif d’accès mobile fermé en position normale|Aucune des réponses précédentes | B68: =FIND(". ",A68) -> 2 | C68: =RIGHT(A68, LEN(A68)-(B68+1)) -> Une gaine est :|Un volume fermé servant au passage d’un fluide déterminé|Un volume fermé généralement accessible et renfermant un ou plusieurs conduits|Un dispositif d’évacuation des fumées situé en façade|Un dispositif d’accès mobile fermé en position normale|Aucune des réponses précédentes | D68: {=_xlfn.TEXTSPLIT(C68,"|")} -> Une gaine est : | E68: Un volume fermé servant au passage d’un fluide déterminé | F68: Un volume fermé généralement accessible et renfermant un ou plusieurs conduits | G68: Un dispositif d’évacuation des fumées situé en façade | H68: Un dispositif d’accès mobile fermé en position normale | I68: Aucune des réponses précédentes
A69: 5. En E.R.P., qui peut actionner l’ouverture de l’exutoire de désenfumage d’un escalier protégé ?|Le chef d’établissement|Le SSIAP 1|Le SSIAP 2|Les services de secours|Un témoin|Aucune des réponses précédentes | B69: =FIND(". ",A69) -> 2 | C69: =RIGHT(A69, LEN(A69)-(B69+1)) -> En E.R.P., qui peut actionner l’ouverture de l’exutoire de désenfumage d’un escalier protégé ?|Le chef d’établissement|Le SSIAP 1|Le SSIAP 2|Les services de secours|Un témoin|Aucune des réponses précédentes | D69: {=_xlfn.TEXTSPLIT(C69,"|")} -> En E.R.P., qui peut actionner l’ouverture de l’exutoire de désenfumage d’un escalier protégé ? | E69: Le chef d’établissement | F69: Le SSIAP 1 | G69: Le SSIAP 2 | H69: Les services de secours | I69: Un témoin | J69: Aucune des réponses précédentes
A70: 6. Les méthodes de désenfumage d’un ERP peuvent-être :|Naturel/naturel|Mécanique/dynamique|Naturel/mécanique|Naturel/statique|Mécanique/mécanique|Aucune des réponses précédentes | B70: =FIND(". ",A70) -> 2 | C70: =RIGHT(A70, LEN(A70)-(B70+1)) -> Les méthodes de désenfumage d’un ERP peuvent-être :|Naturel/naturel|Mécanique/dynamique|Naturel/mécanique|Naturel/statique|Mécanique/mécanique|Aucune des réponses précédentes | D70: {=_xlfn.TEXTSPLIT(C70,"|")} -> Les méthodes de désenfumage d’un ERP peuvent-être : | E70: Naturel/naturel | F70: Mécanique/dynamique | G70: Naturel/mécanique | H70: Naturel/statique | I70: Mécanique/mécanique | J70: Aucune des réponses précédentes
A71: 7. En ERP, où peut-on trouver le dispositif de commande manuelle du désenfumage naturel d’un escalier encloisonné ?|Au P.C. Sécurité|En bas de l’escalier|Dans les circulations horizontales communes|À tous les niveaux|Aucune des réponses précédentes | B71: =FIND(". ",A71) -> 2 | C71: =RIGHT(A71, LEN(A71)-(B71+1)) -> En ERP, où peut-on trouver le dispositif de commande manuelle du désenfumage naturel d’un escalier encloisonné ?|Au P.C. Sécurité|En bas de l’escalier|Dans les circulations horizontales communes|À tous les niveaux|Aucune des réponses précédentes | D71: {=_xlfn.TEXTSPLIT(C71,"|")} -> En ERP, où peut-on trouver le dispositif de commande manuelle du désenfumage naturel d’un escalier encloisonné ? | E71: Au P.C. Sécurité | F71: En bas de l’escalier | G71: Dans les circulations horizontales communes | H71: À tous les niveaux | I71: Aucune des réponses précédentes
A72: [2.7] ÉCLAIRAGE | B72: =FIND(". ",A72) -> #VALUE! | C72: =RIGHT(A72, LEN(A72)-(B72+1)) -> #VALUE! | D72: {=_xlfn.TEXTSPLIT(C72,"|")} -> #VALUE!
A73: 1. L’éclairage de sécurité comprend l’éclairage :|D’évacuation|Normal|De remplacement|Anti-panique|D’incendie|Public|Aucune des réponses précédentes | B73: =FIND(". ",A73) -> 2 | C73: =RIGHT(A73, LEN(A73)-(B73+1)) -> L’éclairage de sécurité comprend l’éclairage :|D’évacuation|Normal|De remplacement|Anti-panique|D’incendie|Public|Aucune des réponses précédentes | D73: {=_xlfn.TEXTSPLIT(C73,"|")} -> L’éclairage de sécurité comprend l’éclairage : | E73: D’évacuation | F73: Normal | G73: De remplacement | H73: Anti-panique | I73: D’incendie | J73: Public | K73: Aucune des réponses précédentes
A74: 2. Dans un ERP, quelle doit être la durée minimum de fonctionnement d’un B.A.E.S. ?|30 minutes|1 heure|2 heures|En fonction de la catégorie de l’E.R.P.|En fonction du type d’E.R.P.|Aucune des réponses précédentes | B74: =FIND(". ",A74) -> 2 | C74: =RIGHT(A74, LEN(A74)-(B74+1)) -> Dans un ERP, quelle doit être la durée minimum de fonctionnement d’un B.A.E.S. ?|30 minutes|1 heure|2 heures|En fonction de la catégorie de l’E.R.P.|En fonction du type d’E.R.P.|Aucune des réponses précédentes | D74: {=_xlfn.TEXTSPLIT(C74,"|")} -> Dans un ERP, quelle doit être la durée minimum de fonctionnement d’un B.A.E.S. ? | E74: 30 minutes | F74: 1 heure | G74: 2 heures | H74: En fonction de la catégorie de l’E.R.P. | I74: En fonction du type d’E.R.P. | J74: Aucune des réponses précédentes
A75: 3. Que signifie le terme "B.A.E.S." ?|Un bloc autonome d’éclairage de sécurité|Un bloc d’alarme et de secours|Un boîtier autonome d’éclairage de secours|Une borne d’appel entre les services|Un boîtier d’alimentation électrique de sécurité|Aucune des réponses précédentes | B75: =FIND(". ",A75) -> 2 | C75: =RIGHT(A75, LEN(A75)-(B75+1)) -> Que signifie le terme "B.A.E.S." ?|Un bloc autonome d’éclairage de sécurité|Un bloc d’alarme et de secours|Un boîtier autonome d’éclairage de secours|Une borne d’appel entre les services|Un boîtier d’alimentation électrique de sécurité|Aucune des réponses précédentes | D75: {=_xlfn.TEXTSPLIT(C75,"|")} -> Que signifie le terme "B.A.E.S." ? | E75: Un bloc autonome d’éclairage de sécurité | F75: Un bloc d’alarme et de secours | G75: Un boîtier autonome d’éclairage de secours | H75: Une borne d’appel entre les services | I75: Un boîtier d’alimentation électrique de sécurité | J75: Aucune des réponses précédentes
A76: 4. Que comprend l’éclairage de sécurité ?|L’éclairage de remplacement et l’éclairage normal|L’éclairage de sécurité et l’éclairage d’ambiance|L’éclairage d’évacuation et l’éclairage de remplacement|L’éclairage d’ambiance et d’anti-panique|L’éclairage d’évacuation et l’éclairage d’ambiance ou d’anti-panique|Aucune des réponses précédentes | B76: =FIND(". ",A76) -> 2 | C76: =RIGHT(A76, LEN(A76)-(B76+1)) -> Que comprend l’éclairage de sécurité ?|L’éclairage de remplacement et l’éclairage normal|L’éclairage de sécurité et l’éclairage d’ambiance|L’éclairage d’évacuation et l’éclairage de remplacement|L’éclairage d’ambiance et d’anti-panique|L’éclairage d’évacuation et l’éclairage d’ambiance ou d’anti-panique|Aucune des réponses précédentes | D76: {=_xlfn.TEXTSPLIT(C76,"|")} -> Que comprend l’éclairage de sécurité ? | E76: L’éclairage de remplacement et l’éclairage normal | F76: L’éclairage de sécurité et l’éclairage d’ambiance | G76: L’éclairage d’évacuation et l’éclairage de remplacement | H76: L’éclairage d’ambiance et d’anti-panique | I76: L’éclairage d’évacuation et l’éclairage d’ambiance ou d’anti-panique | J76: Aucune des réponses précédentes
A77: 5. Pour un B.A.E.S équipé du système SATI, un voyant jaune signifie :|Bloc en bon état|Défaut|En cours de charge|Défaut de position d’attente|Aucune des réponses précédentes | B77: =FIND(". ",A77) -> 2 | C77: =RIGHT(A77, LEN(A77)-(B77+1)) -> Pour un B.A.E.S équipé du système SATI, un voyant jaune signifie :|Bloc en bon état|Défaut|En cours de charge|Défaut de position d’attente|Aucune des réponses précédentes | D77: {=_xlfn.TEXTSPLIT(C77,"|")} -> Pour un B.A.E.S équipé du système SATI, un voyant jaune signifie : | E77: Bloc en bon état | F77: Défaut | G77: En cours de charge | H77: Défaut de position d’attente | I77: Aucune des réponses précédentes
A78: [5] Sécurité incendie en IGH (3) | B78: =FIND(". ",A78) -> #VALUE! | C78: =RIGHT(A78, LEN(A78)-(B78+1)) -> #VALUE! | D78: {=_xlfn.TEXTSPLIT(C78,"|")} -> #VALUE!
A79: 1. En règle générale, dans un IGH, un compartiment doit comporter au moins :|1 escalier protégé|2 escaliers protégés|3 escaliers protégés|Le nombre d’escalier dépend de la commission de sécurité compétente|Autant d’escaliers que d’ascenseurs|Aucune des réponses précédentes | B79: =FIND(". ",A79) -> 2 | C79: =RIGHT(A79, LEN(A79)-(B79+1)) -> En règle générale, dans un IGH, un compartiment doit comporter au moins :|1 escalier protégé|2 escaliers protégés|3 escaliers protégés|Le nombre d’escalier dépend de la commission de sécurité compétente|Autant d’escaliers que d’ascenseurs|Aucune des réponses précédentes | D79: {=_xlfn.TEXTSPLIT(C79,"|")} -> En règle générale, dans un IGH, un compartiment doit comporter au moins : | E79: 1 escalier protégé | F79: 2 escaliers protégés | G79: 3 escaliers protégés | H79: Le nombre d’escalier dépend de la commission de sécurité compétente | I79: Autant d’escaliers que d’ascenseurs | J79: Aucune des réponses précédentes
A80: 2. Quelle doit être, en I.G.H, l’autonomie d’un groupe moteur thermique générateur ?|6 heures|12 heures|24 heures|36 heures|Pendant toute la durée de la coupure|Aucune des réponses précédentes | B80: =FIND(". ",A80) -> 2 | C80: =RIGHT(A80, LEN(A80)-(B80+1)) -> Quelle doit être, en I.G.H, l’autonomie d’un groupe moteur thermique générateur ?|6 heures|12 heures|24 heures|36 heures|Pendant toute la durée de la coupure|Aucune des réponses précédentes | D80: {=_xlfn.TEXTSPLIT(C80,"|")} -> Quelle doit être, en I.G.H, l’autonomie d’un groupe moteur thermique générateur ? | E80: 6 heures | F80: 12 heures | G80: 24 heures | H80: 36 heures | I80: Pendant toute la durée de la coupure | J80: Aucune des réponses précédentes
A81: 3. En IGH, chaque compartiment doit avoir un degré d’isolement :|Pare-flammes 2h00 ou RE 120|Coupe-feu 1h00 ou REI 60|Pare-flammes 1h00 ou RE 60|Coupe-feu 2h00 ou REI 120|Aucune des réponses précédentes | B81: =FIND(". ",A81) -> 2 | C81: =RIGHT(A81, LEN(A81)-(B81+1)) -> En IGH, chaque compartiment doit avoir un degré d’isolement :|Pare-flammes 2h00 ou RE 120|Coupe-feu 1h00 ou REI 60|Pare-flammes 1h00 ou RE 60|Coupe-feu 2h00 ou REI 120|Aucune des réponses précédentes | D81: {=_xlfn.TEXTSPLIT(C81,"|")} -> En IGH, chaque compartiment doit avoir un degré d’isolement : | E81: Pare-flammes 2h00 ou RE 120 | F81: Coupe-feu 1h00 ou REI 60 | G81: Pare-flammes 1h00 ou RE 60 | H81: Coupe-feu 2h00 ou REI 120 | I81: Aucune des réponses précédentes
A82: 4. Un compartiment en IGH doit respecter les caractéristiques suivantes :|Longueur 75 m maxi|Longueur 60 m maxi|Surface 2500 m² maxi|Surface 2000 m² maxi|Aucune des réponses précédentes | B82: =FIND(". ",A82) -> 2 | C82: =RIGHT(A82, LEN(A82)-(B82+1)) -> Un compartiment en IGH doit respecter les caractéristiques suivantes :|Longueur 75 m maxi|Longueur 60 m maxi|Surface 2500 m² maxi|Surface 2000 m² maxi|Aucune des réponses précédentes | D82: {=_xlfn.TEXTSPLIT(C82,"|")} -> Un compartiment en IGH doit respecter les caractéristiques suivantes : | E82: Longueur 75 m maxi | F82: Longueur 60 m maxi | G82: Surface 2500 m² maxi | H82: Surface 2000 m² maxi | I82: Aucune des réponses précédentes
A83: 5. En IGH, des fumées envahissent tout un compartiment. Dans un premier temps, vous devez faire évacuer :|L’ensemble de l’IGH|Uniquement le compartiment sinistré|Le compartiment sinistré et l’étage supérieur|Le compartiment sinistré, le niveau supérieur et les 2 niveaux inférieurs|Aucune des réponses précédentes | B83: =FIND(". ",A83) -> 2 | C83: =RIGHT(A83, LEN(A83)-(B83+1)) -> En IGH, des fumées envahissent tout un compartiment. Dans un premier temps, vous devez faire évacuer :|L’ensemble de l’IGH|Uniquement le compartiment sinistré|Le compartiment sinistré et l’étage supérieur|Le compartiment sinistré, le niveau supérieur et les 2 niveaux inférieurs|Aucune des réponses précédentes | D83: {=_xlfn.TEXTSPLIT(C83,"|")} -> En IGH, des fumées envahissent tout un compartiment. Dans un premier temps, vous devez faire évacuer : | E83: L’ensemble de l’IGH | F83: Uniquement le compartiment sinistré | G83: Le compartiment sinistré et l’étage supérieur | H83: Le compartiment sinistré, le niveau supérieur et les 2 niveaux inférieurs | I83: Aucune des réponses précédentes
A84: 6. Un feu se déclare dans une circulation horizontale commune d’un IGH, quelles sont les mises en sécurité automatiques qui se déclenchent ?|Le démarrage du groupe électrogène|Le désenfumage|Le rappel des ascenseurs prioritaires|Le compartimentage|Le non arrêt des ascenseurs|Aucune des réponses précédentes | B84: =FIND(". ",A84) -> 2 | C84: =RIGHT(A84, LEN(A84)-(B84+1)) -> Un feu se déclare dans une circulation horizontale commune d’un IGH, quelles sont les mises en sécurité automatiques qui se déclenchent ?|Le démarrage du groupe électrogène|Le désenfumage|Le rappel des ascenseurs prioritaires|Le compartimentage|Le non arrêt des ascenseurs|Aucune des réponses précédentes | D84: {=_xlfn.TEXTSPLIT(C84,"|")} -> Un feu se déclare dans une circulation horizontale commune d’un IGH, quelles sont les mises en sécurité automatiques qui se déclenchent ? | E84: Le démarrage du groupe électrogène | F84: Le désenfumage | G84: Le rappel des ascenseurs prioritaires | H84: Le compartimentage | I84: Le non arrêt des ascenseurs | J84: Aucune des réponses précédentes
A85: 7. Quelle est la distance du volume de protection autour d’un IGH ?|5 mètres|8 mètres|10 mètres|Cela dépend de la hauteur de l’immeuble|Aucune des réponses précédentes | B85: =FIND(". ",A85) -> 2 | C85: =RIGHT(A85, LEN(A85)-(B85+1)) -> Quelle est la distance du volume de protection autour d’un IGH ?|5 mètres|8 mètres|10 mètres|Cela dépend de la hauteur de l’immeuble|Aucune des réponses précédentes | D85: {=_xlfn.TEXTSPLIT(C85,"|")} -> Quelle est la distance du volume de protection autour d’un IGH ? | E85: 5 mètres | F85: 8 mètres | G85: 10 mètres | H85: Cela dépend de la hauteur de l’immeuble | I85: Aucune des réponses précédentes
A86: 8. En IGH quelle doit-être la pression minimale d’un robinet d’incendie armé (RIA) ?|2,5 bars au RIA le plus défavorisé|2,5 bars au RIA le plus favorisé|4 bars au RIA le plus favorisé|4 bars au RIA le plus défavorisé|Aucune des réponses précédentes | B86: =FIND(". ",A86) -> 2 | C86: =RIGHT(A86, LEN(A86)-(B86+1)) -> En IGH quelle doit-être la pression minimale d’un robinet d’incendie armé (RIA) ?|2,5 bars au RIA le plus défavorisé|2,5 bars au RIA le plus favorisé|4 bars au RIA le plus favorisé|4 bars au RIA le plus défavorisé|Aucune des réponses précédentes | D86: {=_xlfn.TEXTSPLIT(C86,"|")} -> En IGH quelle doit-être la pression minimale d’un robinet d’incendie armé (RIA) ? | E86: 2,5 bars au RIA le plus défavorisé | F86: 2,5 bars au RIA le plus favorisé | G86: 4 bars au RIA le plus favorisé | H86: 4 bars au RIA le plus défavorisé | I86: Aucune des réponses précédentes
A87: 9. Combien d’appareils émetteurs-récepteurs radio, le service de sécurité incendie d’un IGH doit-il pouvoir mettre à disposition des pompiers ?|Deux|Quatre|Six|Aucun|Aucune des réponses précédentes | B87: =FIND(". ",A87) -> 2 | C87: =RIGHT(A87, LEN(A87)-(B87+1)) -> Combien d’appareils émetteurs-récepteurs radio, le service de sécurité incendie d’un IGH doit-il pouvoir mettre à disposition des pompiers ?|Deux|Quatre|Six|Aucun|Aucune des réponses précédentes | D87: {=_xlfn.TEXTSPLIT(C87,"|")} -> Combien d’appareils émetteurs-récepteurs radio, le service de sécurité incendie d’un IGH doit-il pouvoir mettre à disposition des pompiers ? | E87: Deux | F87: Quatre | G87: Six | H87: Aucun | I87: Aucune des réponses précédentes
A88: 10. Quelle inscription peut-on lire sur les portes des dispositifs d’intercommunication desservant les escaliers des IGH ?|Porte coupe-feu à fermeture automatique|Porte coupe-feu à maintenir ouverte|Porte coupe-feu à maintenir fermée|Porte coupe-feu|Aucune des réponses précédentes | B88: =FIND(". ",A88) -> 3 | C88: =RIGHT(A88, LEN(A88)-(B88+1)) -> Quelle inscription peut-on lire sur les portes des dispositifs d’intercommunication desservant les escaliers des IGH ?|Porte coupe-feu à fermeture automatique|Porte coupe-feu à maintenir ouverte|Porte coupe-feu à maintenir fermée|Porte coupe-feu|Aucune des réponses précédentes | D88: {=_xlfn.TEXTSPLIT(C88,"|")} -> Quelle inscription peut-on lire sur les portes des dispositifs d’intercommunication desservant les escaliers des IGH ? | E88: Porte coupe-feu à fermeture automatique | F88: Porte coupe-feu à maintenir ouverte | G88: Porte coupe-feu à maintenir fermée | H88: Porte coupe-feu | I88: Aucune des réponses précédentes
A89: 11. Quel est le moyen d’alerte externe en G.H.U. ?|Un téléphone portable|Un téléphone urbain|Une ligne directe|Un poste portatif|Aucune des réponses précédentes | B89: =FIND(". ",A89) -> 3 | C89: =RIGHT(A89, LEN(A89)-(B89+1)) -> Quel est le moyen d’alerte externe en G.H.U. ?|Un téléphone portable|Un téléphone urbain|Une ligne directe|Un poste portatif|Aucune des réponses précédentes | D89: {=_xlfn.TEXTSPLIT(C89,"|")} -> Quel est le moyen d’alerte externe en G.H.U. ? | E89: Un téléphone portable | F89: Un téléphone urbain | G89: Une ligne directe | H89: Un poste portatif | I89: Aucune des réponses précédentes
A90: 12. En I.G.H, où trouve-t-on le dispositif de commande de désenfumage de secours des escaliers ?|Près des moteurs de désenfumage|Dans les circulations horizontales communes|Au P.C.S.|Il n’y en a pas|Aucune des réponses précédentes | B90: =FIND(". ",A90) -> 3 | C90: =RIGHT(A90, LEN(A90)-(B90+1)) -> En I.G.H, où trouve-t-on le dispositif de commande de désenfumage de secours des escaliers ?|Près des moteurs de désenfumage|Dans les circulations horizontales communes|Au P.C.S.|Il n’y en a pas|Aucune des réponses précédentes | D90: {=_xlfn.TEXTSPLIT(C90,"|")} -> En I.G.H, où trouve-t-on le dispositif de commande de désenfumage de secours des escaliers ? | E90: Près des moteurs de désenfumage | F90: Dans les circulations horizontales communes | G90: Au P.C.S. | H90: Il n’y en a pas | I90: Aucune des réponses précédentes
A91: 13. En IGH, la sensibilisation d’un D.A.I. dans une circulation horizontale commune entraîne :|L’évacuation du compartiment sinistré et des compartiments adjacents|L’évacuation générale du bâtiment|L’évacuation du compartiment sinistré|Uniquement l’alarme restreinte au P.C.S.|Aucune des réponses précédentes | B91: =FIND(". ",A91) -> 3 | C91: =RIGHT(A91, LEN(A91)-(B91+1)) -> En IGH, la sensibilisation d’un D.A.I. dans une circulation horizontale commune entraîne :|L’évacuation du compartiment sinistré et des compartiments adjacents|L’évacuation générale du bâtiment|L’évacuation du compartiment sinistré|Uniquement l’alarme restreinte au P.C.S.|Aucune des réponses précédentes | D91: {=_xlfn.TEXTSPLIT(C91,"|")} -> En IGH, la sensibilisation d’un D.A.I. dans une circulation horizontale commune entraîne : | E91: L’évacuation du compartiment sinistré et des compartiments adjacents | F91: L’évacuation générale du bâtiment | G91: L’évacuation du compartiment sinistré | H91: Uniquement l’alarme restreinte au P.C.S. | I91: Aucune des réponses précédentes
A92: 14. Dans les IGH comment est assurée la communication entre un compartiment et un escalier ?|Par un dispositif d’ouverture asservi à la D.A.I.|Par un dispositif d’ouverture automatique|Par un dispositif d’intercommunication|Par un dispositif de contrôle d’accès|Aucune des réponses précédentes | B92: =FIND(". ",A92) -> 3 | C92: =RIGHT(A92, LEN(A92)-(B92+1)) -> Dans les IGH comment est assurée la communication entre un compartiment et un escalier ?|Par un dispositif d’ouverture asservi à la D.A.I.|Par un dispositif d’ouverture automatique|Par un dispositif d’intercommunication|Par un dispositif de contrôle d’accès|Aucune des réponses précédentes | D92: {=_xlfn.TEXTSPLIT(C92,"|")} -> Dans les IGH comment est assurée la communication entre un compartiment et un escalier ? | E92: Par un dispositif d’ouverture asservi à la D.A.I. | F92: Par un dispositif d’ouverture automatique | G92: Par un dispositif d’intercommunication | H92: Par un dispositif de contrôle d’accès | I92: Aucune des réponses précédentes
A93: 15. Dans le dispositif d’intercommunication avec l’escalier et le compartiment IGH, le plan du niveau doit comporter l’emplacement :|Des ouvrants de désenfumage et de leurs commandes|Des moyens de secours|Des vannes d’arrêt et du téléphone d’alerte|Des distributeurs de boissons|Du bureau d’accueil et du téléphone urbain|Aucune des réponses précédentes | B93: =FIND(". ",A93) -> 3 | C93: =RIGHT(A93, LEN(A93)-(B93+1)) -> Dans le dispositif d’intercommunication avec l’escalier et le compartiment IGH, le plan du niveau doit comporter l’emplacement :|Des ouvrants de désenfumage et de leurs commandes|Des moyens de secours|Des vannes d’arrêt et du téléphone d’alerte|Des distributeurs de boissons|Du bureau d’accueil et du téléphone urbain|Aucune des réponses précédentes | D93: {=_xlfn.TEXTSPLIT(C93,"|")} -> Dans le dispositif d’intercommunication avec l’escalier et le compartiment IGH, le plan du niveau doit comporter l’emplacement : | E93: Des ouvrants de désenfumage et de leurs commandes | F93: Des moyens de secours | G93: Des vannes d’arrêt et du téléphone d’alerte | H93: Des distributeurs de boissons | I93: Du bureau d’accueil et du téléphone urbain | J93: Aucune des réponses précédentes
A94: 16. Dans un I.G.H, l’alerte extérieure consiste à :|Demander l’intervention du service de sécurité|Demander l’intervention des services publics de secours|Attirer l’attention de sa hiérarchie|Prévenir les occupants d’un compartiment d’évacuer|Aucune des réponses précédentes | B94: =FIND(". ",A94) -> 3 | C94: =RIGHT(A94, LEN(A94)-(B94+1)) -> Dans un I.G.H, l’alerte extérieure consiste à :|Demander l’intervention du service de sécurité|Demander l’intervention des services publics de secours|Attirer l’attention de sa hiérarchie|Prévenir les occupants d’un compartiment d’évacuer|Aucune des réponses précédentes | D94: {=_xlfn.TEXTSPLIT(C94,"|")} -> Dans un I.G.H, l’alerte extérieure consiste à : | E94: Demander l’intervention du service de sécurité | F94: Demander l’intervention des services publics de secours | G94: Attirer l’attention de sa hiérarchie | H94: Prévenir les occupants d’un compartiment d’évacuer | I94: Aucune des réponses précédentes
A95: [6] Les moyens de secours (4) | B95: =FIND(". ",A95) -> #VALUE! | C95: =RIGHT(A95, LEN(A95)-(B95+1)) -> #VALUE! | D95: {=_xlfn.TEXTSPLIT(C95,"|")} -> #VALUE!
A96: 1. Quel gaz est contenu dans la cartouche d’un extincteur à pression auxiliaire ?|De l’oxygène|Du protoxyde d’azote|Du dioxyde de carbone|Du monoxyde de carbone|Du butane|De l’air comprimé|Aucune des réponses précédentes | B96: =FIND(". ",A96) -> 2 | C96: =RIGHT(A96, LEN(A96)-(B96+1)) -> Quel gaz est contenu dans la cartouche d’un extincteur à pression auxiliaire ?|De l’oxygène|Du protoxyde d’azote|Du dioxyde de carbone|Du monoxyde de carbone|Du butane|De l’air comprimé|Aucune des réponses précédentes | D96: {=_xlfn.TEXTSPLIT(C96,"|")} -> Quel gaz est contenu dans la cartouche d’un extincteur à pression auxiliaire ? | E96: De l’oxygène | F96: Du protoxyde d’azote | G96: Du dioxyde de carbone | H96: Du monoxyde de carbone | I96: Du butane | J96: De l’air comprimé | K96: Aucune des réponses précédentes
A97: 2. Dans le dispositif d’intercommunication avec l’escalier et le compartiment IGH, le plan du niveau doit comporter l’emplacement :|Des ouvrants de désenfumage et de leurs commandes|Des moyens de secours|Des vannes d’arrêt et du téléphone d’alerte|Des distributeurs de boissons|Du bureau d’accueil et du téléphone urbain|Aucune des réponses précédentes | B97: =FIND(". ",A97) -> 2 | C97: =RIGHT(A97, LEN(A97)-(B97+1)) -> Dans le dispositif d’intercommunication avec l’escalier et le compartiment IGH, le plan du niveau doit comporter l’emplacement :|Des ouvrants de désenfumage et de leurs commandes|Des moyens de secours|Des vannes d’arrêt et du téléphone d’alerte|Des distributeurs de boissons|Du bureau d’accueil et du téléphone urbain|Aucune des réponses précédentes | D97: {=_xlfn.TEXTSPLIT(C97,"|")} -> Dans le dispositif d’intercommunication avec l’escalier et le compartiment IGH, le plan du niveau doit comporter l’emplacement : | E97: Des ouvrants de désenfumage et de leurs commandes | F97: Des moyens de secours | G97: Des vannes d’arrêt et du téléphone d’alerte | H97: Des distributeurs de boissons | I97: Du bureau d’accueil et du téléphone urbain | J97: Aucune des réponses précédentes
A98: 3. En IGH, où sont placés les dispositifs phoniques permettant de donner l’alerte intérieure au PCS ?|Dans les circulations privatives|Dans les locaux à risques|Dans les locaux privatifs|Dans les combles|Aucune des réponses précédentes | B98: =FIND(". ",A98) -> 2 | C98: =RIGHT(A98, LEN(A98)-(B98+1)) -> En IGH, où sont placés les dispositifs phoniques permettant de donner l’alerte intérieure au PCS ?|Dans les circulations privatives|Dans les locaux à risques|Dans les locaux privatifs|Dans les combles|Aucune des réponses précédentes | D98: {=_xlfn.TEXTSPLIT(C98,"|")} -> En IGH, où sont placés les dispositifs phoniques permettant de donner l’alerte intérieure au PCS ? | E98: Dans les circulations privatives | F98: Dans les locaux à risques | G98: Dans les locaux privatifs | H98: Dans les combles | I98: Aucune des réponses précédentes
A99: 4. En E.R.P quelle doit-être la pression minimale d’un robinet d’incendie armé (RIA) ?|1 bar|2,5 bars au RIA le plus défavorisé|2,5 bars au RIA le plus favorisé|3 bars|Aucune des réponses précédentes | B99: =FIND(". ",A99) -> 2 | C99: =RIGHT(A99, LEN(A99)-(B99+1)) -> En E.R.P quelle doit-être la pression minimale d’un robinet d’incendie armé (RIA) ?|1 bar|2,5 bars au RIA le plus défavorisé|2,5 bars au RIA le plus favorisé|3 bars|Aucune des réponses précédentes | D99: {=_xlfn.TEXTSPLIT(C99,"|")} -> En E.R.P quelle doit-être la pression minimale d’un robinet d’incendie armé (RIA) ? | E99: 1 bar | F99: 2,5 bars au RIA le plus défavorisé | G99: 2,5 bars au RIA le plus favorisé | H99: 3 bars | I99: Aucune des réponses précédentes
A100: 5. En règle générale, en IGH, quelle doit être la capacité minimale pour assurer l’alimentation des colonnes en charge ?|60 m³|90 m³|100 m³|120 m³|200 m³|Aucune des réponses précédentes | B100: =FIND(". ",A100) -> 2 | C100: =RIGHT(A100, LEN(A100)-(B100+1)) -> En règle générale, en IGH, quelle doit être la capacité minimale pour assurer l’alimentation des colonnes en charge ?|60 m³|90 m³|100 m³|120 m³|200 m³|Aucune des réponses précédentes | D100: {=_xlfn.TEXTSPLIT(C100,"|")} -> En règle générale, en IGH, quelle doit être la capacité minimale pour assurer l’alimentation des colonnes en charge ? | E100: 60 m³ | F100: 90 m³ | G100: 100 m³ | H100: 120 m³ | I100: 200 m³ | J100: Aucune des réponses précédentes
...
